Image,Operation,Layout,Threads,Scalar_build,SIMD_build,Scalar_median_ms,Scalar_min_ms,Scalar_max_ms,SIMD_median_ms,SIMD_min_ms,SIMD_max_ms,Speedup_scalar_over_simd
4000x3000.png,Gaussian_11x11,AoS_Naive,1,off,omp,3058.34172,3058.047364,3059.169352,3060.048799,3058.665736,3065.997466,0.999442139942161
4000x3000.png,Gaussian_11x11,AoS_Naive,2,off,omp,1532.016753,1530.687852,1536.108061,1531.85428,1530.319628,1538.683354,1.0001060629605056
4000x3000.png,Gaussian_11x11,AoS_Naive,4,off,omp,768.424405,766.148002,772.435196,765.648944,765.022709,774.270193,1.0036249785515279
4000x3000.png,Gaussian_11x11,AoS_Naive,8,off,omp,425.829912,425.14111,428.192721,428.46264,425.698217,430.31652,0.9938554082568318
4000x3000.png,Gaussian_11x11,AoS_Naive,12,off,omp,294.458567,294.220784,312.334354,294.797349,294.691109,298.43711,0.9988507969927505
4000x3000.png,Gaussian_11x11,AoS_Naive,16,off,omp,220.97047,220.854278,221.267791,221.041244,220.836728,224.080791,0.9996798154103765
4000x3000.png,Gaussian_11x11,AoS_Naive,20,off,omp,177.375476,177.240512,177.493737,177.500552,177.324799,181.600782,0.9992953486702396
4000x3000.png,Gaussian_11x11,SoA_Naive,1,off,omp,3067.050413,3066.84758,3074.789371,6178.860401,6177.79136,6186.919465,0.4963780072622489
4000x3000.png,Gaussian_11x11,SoA_Naive,2,off,omp,1534.829117,1534.618889,1536.183217,3091.768013,3090.420091,3094.945894,0.49642441171086665
4000x3000.png,Gaussian_11x11,SoA_Naive,4,off,omp,771.621442,768.233581,775.600905,1558.180506,1549.742374,1627.834729,0.4952067100241338
4000x3000.png,Gaussian_11x11,SoA_Naive,8,off,omp,429.666528,426.97761,430.723061,865.524925,860.399837,866.971979,0.4964230556387501
4000x3000.png,Gaussian_11x11,SoA_Naive,12,off,omp,295.585823,295.417327,310.919357,595.049351,594.649803,597.857291,0.49674169462290535
4000x3000.png,Gaussian_11x11,SoA_Naive,16,off,omp,221.59469,221.167118,221.947999,445.883817,445.574844,447.629702,0.4969785436281039
4000x3000.png,Gaussian_11x11,SoA_Naive,20,off,omp,177.674621,177.57473,177.924443,358.806939,357.206378,459.556534,0.49518167484492265
4000x3000.png,Gaussian_11x11,SoA_Separable,1,off,omp,229.808856,229.479646,229.866157,135.516173,135.225851,136.1004,1.6958039096927566
4000x3000.png,Gaussian_11x11,SoA_Separable,2,off,omp,115.993266,115.197417,119.018422,72.361274,69.331376,73.853689,1.6029743478535219
4000x3000.png,Gaussian_11x11,SoA_Separable,4,off,omp,60.207672,58.117304,60.310081,37.152427,34.925699,37.572868,1.6205582477828433
4000x3000.png,Gaussian_11x11,SoA_Separable,8,off,omp,33.957277,33.63917,34.224497,20.969387,20.418815,21.33066,1.6193738519871848
4000x3000.png,Gaussian_11x11,SoA_Separable,12,off,omp,23.691983,23.495149,23.927814,14.80456,14.705413,15.022997,1.6003165916447364
4000x3000.png,Gaussian_11x11,SoA_Separable,16,off,omp,17.826718,17.756783,17.940083,11.438233,11.268207,11.513533,1.5585202714440245
4000x3000.png,Gaussian_11x11,SoA_Separable,20,off,omp,14.385094,14.19638,14.54234,9.681294,9.533808,15.443587,1.485864802783595
4000x3000.png,Grayscale,AoS,1,off,omp,46.097137,46.054638,46.464824,47.852556,47.838397,48.209707,0.9633160870236481
4000x3000.png,Grayscale,AoS,2,off,omp,24.263333,24.24829,24.378621,25.198961,24.525091,25.233366,0.9628703739015271
4000x3000.png,Grayscale,AoS,4,off,omp,12.769016,12.639701,12.816025,13.272698,13.171729,13.457107,0.9620512724692448
4000x3000.png,Grayscale,AoS,8,off,omp,7.488645,7.303784,7.572454,7.766748,7.513936,7.914396,0.9641931217544332
4000x3000.png,Grayscale,AoS,12,off,omp,5.456192,5.439407,5.539852,5.658494,5.59276,6.092272,0.9642480843842902
4000x3000.png,Grayscale,AoS,16,off,omp,4.528516,4.492654,4.666531,4.606324,4.560271,4.885654,0.9831084396147557
4000x3000.png,Grayscale,AoS,20,off,omp,3.961668,3.903003,3.978186,4.077264,4.029469,4.099239,0.9716486349669777
4000x3000.png,Grayscale,SoA,1,off,omp,38.482439,38.427883,38.790837,38.487874,38.401148,41.660968,0.999858786692141
4000x3000.png,Grayscale,SoA,2,off,omp,19.670437,19.650573,21.176654,19.686007,19.676115,19.94364,0.9992090828780057
4000x3000.png,Grayscale,SoA,4,off,omp,10.183648,10.098594,10.210766,10.176247,9.754628,10.216463,1.0007272818751354
4000x3000.png,Grayscale,SoA,8,off,omp,5.500795,5.464064,5.740433,5.527744,5.352664,5.646072,0.9951247742297762
4000x3000.png,Grayscale,SoA,12,off,omp,3.802248,3.793543,3.823135,3.80203,3.786864,3.822303,1.0000573377906015
4000x3000.png,Grayscale,SoA,16,off,omp,2.870788,2.862867,2.897765,2.866939,2.860754,2.873092,1.0013425468766515
4000x3000.png,Grayscale,SoA,20,off,omp,2.311838,2.287469,2.332061,2.282618,2.274247,2.33675,1.012801090677459
6000x6000.png,Gaussian_11x11,AoS_Naive,1,off,omp,9190.825251,9189.76847,9201.286679,9190.403258,9189.483217,9202.363279,1.0000459167011668
6000x6000.png,Gaussian_11x11,AoS_Naive,2,off,omp,4598.797761,4597.519058,4606.59363,4599.536432,4597.698158,4608.674166,0.9998394031635751
6000x6000.png,Gaussian_11x11,AoS_Naive,4,off,omp,2311.755209,2305.954882,2459.473105,2319.218662,2316.432964,2322.452873,0.9967819105967507
6000x6000.png,Gaussian_11x11,AoS_Naive,8,off,omp,1279.615002,1277.608293,1298.895213,1283.570455,1279.446422,1286.523549,0.9969183982191301
6000x6000.png,Gaussian_11x11,AoS_Naive,12,off,omp,883.941398,883.501456,885.060624,883.579662,883.496937,884.234447,1.0004093982869426
6000x6000.png,Gaussian_11x11,AoS_Naive,16,off,omp,666.073817,663.706114,701.643675,664.140037,663.666084,667.148236,1.0029117052011125
6000x6000.png,Gaussian_11x11,AoS_Naive,20,off,omp,533.940138,531.452636,536.570003,532.419665,531.471969,568.211639,1.0028557791906503
6000x6000.png,Gaussian_11x11,SoA_Naive,1,off,omp,9232.853671,9227.468026,9235.960347,18600.43562,18586.713725,18611.124101,0.49637835691721294
6000x6000.png,Gaussian_11x11,SoA_Naive,2,off,omp,4615.999649,4614.855107,4616.403069,9306.167469,9299.593071,9354.191857,0.49601510658135783
6000x6000.png,Gaussian_11x11,SoA_Naive,4,off,omp,2339.797359,2325.55166,2471.178075,4717.896552,4712.489758,4787.197932,0.4959407933622704
6000x6000.png,Gaussian_11x11,SoA_Naive,8,off,omp,1289.179002,1287.541921,1293.049426,2616.151335,2610.052685,2651.517674,0.4927769218671748
6000x6000.png,Gaussian_11x11,SoA_Naive,12,off,omp,889.221389,888.545077,894.322015,1807.213252,1789.013341,1808.940797,0.49204009986974134
6000x6000.png,Gaussian_11x11,SoA_Naive,16,off,omp,668.143309,666.209465,668.36452,1357.741707,1341.574789,1369.0203,0.492098979912974
6000x6000.png,Gaussian_11x11,SoA_Naive,20,off,omp,534.696283,532.997605,535.054545,1085.751183,1081.789136,1087.132378,0.49246668239642155
6000x6000.png,Gaussian_11x11,SoA_Separable,1,off,omp,690.603178,690.392419,690.789386,407.740581,406.998185,408.152716,1.6937317750081882
6000x6000.png,Gaussian_11x11,SoA_Separable,2,off,omp,349.066307,346.11212,356.138989,211.16306,204.680265,213.313384,1.6530652046811596
6000x6000.png,Gaussian_11x11,SoA_Separable,4,off,omp,181.087875,177.68342,190.21201,114.28218,105.64124,116.645469,1.5845679090125862
6000x6000.png,Gaussian_11x11,SoA_Separable,8,off,omp,100.599011,98.568792,101.783985,64.736875,63.868475,64.957375,1.553967672983906
6000x6000.png,Gaussian_11x11,SoA_Separable,12,off,omp,69.913302,68.710063,70.624273,46.159508,45.180326,46.58989,1.5146024086738532
6000x6000.png,Gaussian_11x11,SoA_Separable,16,off,omp,53.792154,50.804503,82.287555,38.190062,37.687941,38.943074,1.4085380118000332
6000x6000.png,Gaussian_11x11,SoA_Separable,20,off,omp,45.40945,43.197417,78.984102,35.822841,35.51141,37.526347,1.2676116335943317
6000x6000.png,Grayscale,AoS,1,off,omp,138.541899,138.415909,138.606928,144.298834,143.91509,144.703252,0.9601040781798694
6000x6000.png,Grayscale,AoS,2,off,omp,71.347584,69.799288,72.634849,73.739288,72.839339,75.035975,0.9675654042116598
6000x6000.png,Grayscale,AoS,4,off,omp,37.576596,36.438074,37.718475,38.4192,37.299368,38.933908,0.9780681534232885
6000x6000.png,Grayscale,AoS,8,off,omp,21.108464,21.074282,21.240766,21.944382,21.759896,22.164359,0.9619074257821433
6000x6000.png,Grayscale,AoS,12,off,omp,14.845203,14.796499,15.023012,15.505375,15.351384,15.596637,0.9574230226614964
6000x6000.png,Grayscale,AoS,16,off,omp,11.630979,11.447643,11.736744,11.946689,11.736981,11.983902,0.9735734310987756
6000x6000.png,Grayscale,AoS,20,off,omp,9.607823,9.588787,14.731615,9.965455,9.908726,10.044427,0.9641128277635089
6000x6000.png,Grayscale,SoA,1,off,omp,115.587496,115.535697,116.034168,115.60041,115.434114,115.688335,0.9998882875934437
6000x6000.png,Grayscale,SoA,2,off,omp,58.829296,57.638079,59.604745,59.119306,58.369647,62.268519,0.9950944958656991
6000x6000.png,Grayscale,SoA,4,off,omp,30.281419,29.632097,30.708898,30.653708,30.285803,34.664594,0.9878550092536929
6000x6000.png,Grayscale,SoA,8,off,omp,16.692419,16.611748,17.270085,16.725581,16.662948,16.902813,0.9980172886071942
6000x6000.png,Grayscale,SoA,12,off,omp,11.484187,11.244483,11.702262,11.4846,11.244281,11.496872,0.999964038799784
6000x6000.png,Grayscale,SoA,16,off,omp,8.661622,8.615868,8.666087,8.655398,8.58343,8.735137,1.0007190888275732
6000x6000.png,Grayscale,SoA,20,off,omp,7.006073,6.912936,12.125909,6.87733,6.757076,6.92227,1.0187199101977076
4000x3000.png,Gaussian_11x11,AoS_Naive,1,off-avx2,omp-avx2,3054.330441,3054.081777,3055.613162,3054.912861,3053.934223,3064.18587,0.9998093497174878
4000x3000.png,Gaussian_11x11,AoS_Naive,2,off-avx2,omp-avx2,1530.311506,1528.702123,1534.485583,1528.698279,1528.399029,1529.415658,1.001055294574581
4000x3000.png,Gaussian_11x11,AoS_Naive,4,off-avx2,omp-avx2,771.214539,764.280778,774.347843,779.374407,767.733521,817.27633,0.989530233573605
4000x3000.png,Gaussian_11x11,AoS_Naive,8,off-avx2,omp-avx2,426.23306,424.706133,427.726746,427.682968,424.422624,427.982786,0.996609853306106
4000x3000.png,Gaussian_11x11,AoS_Naive,12,off-avx2,omp-avx2,293.998343,293.760659,294.540747,294.291375,294.244683,294.41147,0.9990042793472964
4000x3000.png,Gaussian_11x11,AoS_Naive,16,off-avx2,omp-avx2,220.457586,220.346872,220.976037,220.529135,220.365945,220.899291,0.9996755576082952
4000x3000.png,Gaussian_11x11,AoS_Naive,20,off-avx2,omp-avx2,177.207452,177.045679,180.059348,176.987048,176.892896,177.164329,1.0012453114648254
4000x3000.png,Gaussian_11x11,SoA_Naive,1,off-avx2,omp-avx2,3066.312814,3066.240672,3077.383533,6050.153156,6046.659301,6084.100698,0.5068157342362656
4000x3000.png,Gaussian_11x11,SoA_Naive,2,off-avx2,omp-avx2,1534.651019,1534.080497,1535.889824,3035.945966,3029.191977,3047.943819,0.5054935220148117
4000x3000.png,Gaussian_11x11,SoA_Naive,4,off-avx2,omp-avx2,771.643209,767.859205,776.989141,1522.039932,1513.136126,1619.579373,0.5069796086007026
4000x3000.png,Gaussian_11x11,SoA_Naive,8,off-avx2,omp-avx2,429.605559,427.13228,429.883954,845.574742,842.116602,848.50989,0.5080633770870133
4000x3000.png,Gaussian_11x11,SoA_Naive,12,off-avx2,omp-avx2,295.34412,295.319869,295.573951,583.467695,581.755805,597.537685,0.5061876133519267
4000x3000.png,Gaussian_11x11,SoA_Naive,16,off-avx2,omp-avx2,221.528665,221.270032,233.614481,436.459895,436.322725,454.682905,0.5075578937212547
4000x3000.png,Gaussian_11x11,SoA_Naive,20,off-avx2,omp-avx2,177.754374,177.693258,177.961492,350.120703,349.52553,350.138997,0.5076945535551493
4000x3000.png,Gaussian_11x11,SoA_Separable,1,off-avx2,omp-avx2,229.901366,229.59992,230.698819,93.874956,93.723091,93.969732,2.4490170306977292
4000x3000.png,Gaussian_11x11,SoA_Separable,2,off-avx2,omp-avx2,116.779461,116.329838,118.593809,48.823571,47.566842,54.490394,2.391866440904128
4000x3000.png,Gaussian_11x11,SoA_Separable,4,off-avx2,omp-avx2,61.022231,59.830434,61.266069,28.035158,27.69515,28.930282,2.1766323200318687
4000x3000.png,Gaussian_11x11,SoA_Separable,8,off-avx2,omp-avx2,34.007282,33.197454,34.152351,14.212835,13.723836,15.716802,2.392716301849701
4000x3000.png,Gaussian_11x11,SoA_Separable,12,off-avx2,omp-avx2,23.671547,23.016137,23.85026,10.92698,10.86263,11.097459,2.166339372818473
4000x3000.png,Gaussian_11x11,SoA_Separable,16,off-avx2,omp-avx2,17.947568,17.807454,18.023628,8.928013,8.851121,9.032694,2.0102533452852276
4000x3000.png,Gaussian_11x11,SoA_Separable,20,off-avx2,omp-avx2,14.496951,14.421802,14.654073,8.004675,7.911937,8.187611,1.8110605364989831
4000x3000.png,Grayscale,AoS,1,off-avx2,omp-avx2,46.601338,46.520245,46.974226,46.151421,46.13616,46.87894,1.0097487139128392
4000x3000.png,Grayscale,AoS,2,off-avx2,omp-avx2,24.575538,24.544674,24.996679,24.392663,24.317102,24.76267,1.0074971314120154
4000x3000.png,Grayscale,AoS,4,off-avx2,omp-avx2,13.011466,12.891111,13.143387,12.86661,12.781207,12.990683,1.0112582879251024
4000x3000.png,Grayscale,AoS,8,off-avx2,omp-avx2,7.485233,7.411253,7.643667,7.487897,7.302968,7.634112,0.999644225875436
4000x3000.png,Grayscale,AoS,12,off-avx2,omp-avx2,5.561245,5.49472,5.599021,5.47648,5.38987,5.489911,1.0154780077714154
4000x3000.png,Grayscale,AoS,16,off-avx2,omp-avx2,4.554635,4.515782,4.573077,4.468216,4.418216,4.480633,1.0193408286439152
4000x3000.png,Grayscale,AoS,20,off-avx2,omp-avx2,3.973295,3.947567,4.01409,3.995294,3.950544,5.634609,0.994493771922667
4000x3000.png,Grayscale,SoA,1,off-avx2,omp-avx2,36.566535,36.498813,37.011284,36.812639,36.42202,37.688536,0.9933146873822332
4000x3000.png,Grayscale,SoA,2,off-avx2,omp-avx2,18.784947,18.36967,19.163231,18.731168,18.68734,18.920058,1.002871096986584
4000x3000.png,Grayscale,SoA,4,off-avx2,omp-avx2,9.681168,9.288639,9.824327,9.619471,9.284472,9.782343,1.0064137622536622
4000x3000.png,Grayscale,SoA,8,off-avx2,omp-avx2,5.367255,5.272948,5.509774,5.290232,5.22946,5.393722,1.014559474896375
4000x3000.png,Grayscale,SoA,12,off-avx2,omp-avx2,3.630469,3.625284,3.634928,3.618544,3.588631,3.630302,1.0032955243877095
4000x3000.png,Grayscale,SoA,16,off-avx2,omp-avx2,2.733857,2.725129,2.751976,2.745615,2.718454,2.78126,0.9957175350513455
4000x3000.png,Grayscale,SoA,20,off-avx2,omp-avx2,2.21867,2.188247,2.386155,2.181083,2.16692,4.209324,1.0172331818642388
6000x6000.png,Gaussian_11x11,AoS_Naive,1,off-avx2,omp-avx2,9177.506014,9176.037121,9186.42935,9177.199376,9173.145855,9184.415136,1.0000334130258521
6000x6000.png,Gaussian_11x11,AoS_Naive,2,off-avx2,omp-avx2,4591.294828,4589.996905,4593.80434,4590.750105,4590.070232,4597.806374,1.0001186566438036
6000x6000.png,Gaussian_11x11,AoS_Naive,4,off-avx2,omp-avx2,2312.21849,2299.560166,2352.404927,2321.069195,2312.600881,2456.794852,0.9961867983000826
6000x6000.png,Gaussian_11x11,AoS_Naive,8,off-avx2,omp-avx2,1281.443685,1277.672428,1286.260963,1278.276653,1275.338483,1280.590032,1.002477579475904
6000x6000.png,Gaussian_11x11,AoS_Naive,12,off-avx2,omp-avx2,882.360078,882.206539,882.786559,882.290735,881.951657,883.317802,1.0000785942742558
6000x6000.png,Gaussian_11x11,AoS_Naive,16,off-avx2,omp-avx2,662.95519,662.492716,665.856713,663.218573,662.61668,663.587985,0.9996028714955786
6000x6000.png,Gaussian_11x11,AoS_Naive,20,off-avx2,omp-avx2,531.406282,529.888069,636.604267,531.26661,530.318307,755.235368,1.0002629037800814
6000x6000.png,Gaussian_11x11,SoA_Naive,1,off-avx2,omp-avx2,9223.721776,9221.359697,9232.068323,18192.961617,18192.256567,18323.89309,0.5069939666877054
6000x6000.png,Gaussian_11x11,SoA_Naive,2,off-avx2,omp-avx2,4615.679057,4614.388342,4624.194313,9103.68496,9100.393004,9117.589248,0.5070121689492207
6000x6000.png,Gaussian_11x11,SoA_Naive,4,off-avx2,omp-avx2,2328.575451,2320.784201,2341.467178,4643.693938,4608.569176,4876.310886,0.501448950359312
6000x6000.png,Gaussian_11x11,SoA_Naive,8,off-avx2,omp-avx2,1291.731237,1284.484418,1293.641501,2555.295285,2550.021646,2556.337444,0.5055115330829564
6000x6000.png,Gaussian_11x11,SoA_Naive,12,off-avx2,omp-avx2,888.439487,888.130128,888.804205,1764.2534,1759.817335,1774.684444,0.503578163431625
6000x6000.png,Gaussian_11x11,SoA_Naive,16,off-avx2,omp-avx2,666.040846,665.729155,667.975386,1328.368154,1326.069962,1335.055582,0.5013977819284577
6000x6000.png,Gaussian_11x11,SoA_Naive,20,off-avx2,omp-avx2,534.084359,533.047782,559.800823,1072.850929,1065.885956,1081.506119,0.4978178650577465
6000x6000.png,Gaussian_11x11,SoA_Separable,1,off-avx2,omp-avx2,690.634583,689.890523,691.329,280.833542,278.51415,280.944426,2.4592311092241252
6000x6000.png,Gaussian_11x11,SoA_Separable,2,off-avx2,omp-avx2,347.35966,345.700854,359.429734,149.666166,142.796183,156.285985,2.320896360771345
6000x6000.png,Gaussian_11x11,SoA_Separable,4,off-avx2,omp-avx2,177.932458,174.27802,182.902177,87.93455,79.963783,96.833676,2.023464701872017
6000x6000.png,Gaussian_11x11,SoA_Separable,8,off-avx2,omp-avx2,100.782706,98.786667,127.200314,49.184429,48.953793,49.723691,2.0490774834450147
6000x6000.png,Gaussian_11x11,SoA_Separable,12,off-avx2,omp-avx2,70.562723,68.580225,86.054764,37.420422,35.96724,37.951844,1.8856741647648976
6000x6000.png,Gaussian_11x11,SoA_Separable,16,off-avx2,omp-avx2,53.67106,53.609173,75.93958,35.00154,34.753457,35.851278,1.5333913879217886
6000x6000.png,Gaussian_11x11,SoA_Separable,20,off-avx2,omp-avx2,44.812047,43.866473,45.030799,33.192968,32.471084,33.718669,1.3500464013944158
6000x6000.png,Grayscale,AoS,1,off-avx2,omp-avx2,139.993223,139.938194,140.302148,138.806843,138.692214,138.899749,1.0085469849638466
6000x6000.png,Grayscale,AoS,2,off-avx2,omp-avx2,71.077474,70.313737,73.46038,71.204722,69.673328,72.708165,0.9982129275078132
6000x6000.png,Grayscale,AoS,4,off-avx2,omp-avx2,37.997858,37.98235,38.268735,37.79164,37.323383,37.876619,1.005456709473312
6000x6000.png,Grayscale,AoS,8,off-avx2,omp-avx2,21.301103,20.598109,21.414908,21.186075,21.037763,21.280515,1.0054294153117085
6000x6000.png,Grayscale,AoS,12,off-avx2,omp-avx2,15.057215,14.953664,15.076869,14.971575,14.866076,15.029517,1.0057201730612844
6000x6000.png,Grayscale,AoS,16,off-avx2,omp-avx2,11.66381,11.290369,11.740661,11.582995,11.4546,11.623323,1.0069770383221264
6000x6000.png,Grayscale,AoS,20,off-avx2,omp-avx2,9.684864,9.666474,9.729498,9.632952,9.596134,9.664351,1.0053890022497776
6000x6000.png,Grayscale,SoA,1,off-avx2,omp-avx2,109.881421,109.582668,110.036464,109.527291,109.145192,109.676317,1.003233258092725
6000x6000.png,Grayscale,SoA,2,off-avx2,omp-avx2,56.432626,55.005168,56.850338,55.467487,54.70887,55.72975,1.0174000852066725
6000x6000.png,Grayscale,SoA,4,off-avx2,omp-avx2,28.814628,28.264903,29.321847,28.607801,28.147317,28.99535,1.0072297412863016
6000x6000.png,Grayscale,SoA,8,off-avx2,omp-avx2,15.988915,15.828753,16.008756,15.789569,15.328147,16.009857,1.0126251704527212
6000x6000.png,Grayscale,SoA,12,off-avx2,omp-avx2,10.981054,10.730747,10.994229,10.960018,10.873965,11.098178,1.001919339913493
6000x6000.png,Grayscale,SoA,16,off-avx2,omp-avx2,8.249026,7.976614,8.419565,8.233511,8.192248,8.296565,1.0018843722926951
6000x6000.png,Grayscale,SoA,20,off-avx2,omp-avx2,6.621561,6.596368,6.633857,6.564734,6.439918,6.608215,1.0086564055756106
