Image,Operation,Build,Component,Median_ms,Min_ms,Max_ms
4000x3000.png,Gaussian_11x11,off,AoS direto: Kernel,177.375476,177.240512,177.493737
4000x3000.png,Gaussian_11x11,off,SoA ingênuo: AoS_to_SoA,1.73139,1.659858,1.824299
4000x3000.png,Gaussian_11x11,off,SoA ingênuo: End_to_End,181.923399,181.850192,182.274918
4000x3000.png,Gaussian_11x11,off,SoA ingênuo: Kernel,177.674621,177.57473,177.924443
4000x3000.png,Gaussian_11x11,off,SoA ingênuo: SoA_to_AoS,2.526176,2.227552,2.631354
4000x3000.png,Gaussian_11x11,off,SoA separável: AoS_to_SoA,1.73139,1.659858,1.824299
4000x3000.png,Gaussian_11x11,off,SoA separável: End_to_End,17.818443,17.575623,17.965025
4000x3000.png,Gaussian_11x11,off,SoA separável: Horizontal_Passes,5.887267,5.843757,5.95456
4000x3000.png,Gaussian_11x11,off,SoA separável: Kernel,14.385094,14.19638,14.54234
4000x3000.png,Gaussian_11x11,off,SoA separável: SoA_to_AoS,1.655507,1.624268,1.755632
4000x3000.png,Gaussian_11x11,off,SoA separável: Vertical_Passes,8.497827,8.352623,8.601245
4000x3000.png,Gaussian_11x11,off-avx2,AoS direto: Kernel,177.207452,177.045679,180.059348
4000x3000.png,Gaussian_11x11,off-avx2,SoA ingênuo: AoS_to_SoA,1.741613,1.672441,1.778553
4000x3000.png,Gaussian_11x11,off-avx2,SoA ingênuo: End_to_End,181.864593,181.698504,182.118391
4000x3000.png,Gaussian_11x11,off-avx2,SoA ingênuo: Kernel,177.754374,177.693258,177.961492
4000x3000.png,Gaussian_11x11,off-avx2,SoA ingênuo: SoA_to_AoS,2.211601,2.161488,2.635808
4000x3000.png,Gaussian_11x11,off-avx2,SoA separável: AoS_to_SoA,1.741613,1.672441,1.778553
4000x3000.png,Gaussian_11x11,off-avx2,SoA separável: End_to_End,17.895889,17.750141,18.099445
4000x3000.png,Gaussian_11x11,off-avx2,SoA separável: Horizontal_Passes,5.949284,5.876835,6.109079
4000x3000.png,Gaussian_11x11,off-avx2,SoA separável: Kernel,14.496951,14.421802,14.654073
4000x3000.png,Gaussian_11x11,off-avx2,SoA separável: SoA_to_AoS,1.65697,1.625931,1.697256
4000x3000.png,Gaussian_11x11,off-avx2,SoA separável: Vertical_Passes,8.544994,8.511033,8.580029
4000x3000.png,Gaussian_11x11,omp,AoS direto: Kernel,177.500552,177.324799,181.600782
4000x3000.png,Gaussian_11x11,omp,SoA ingênuo: AoS_to_SoA,1.720205,1.662277,1.898126
4000x3000.png,Gaussian_11x11,omp,SoA ingênuo: End_to_End,362.557003,361.635256,464.434822
4000x3000.png,Gaussian_11x11,omp,SoA ingênuo: Kernel,358.806939,357.206378,459.556534
4000x3000.png,Gaussian_11x11,omp,SoA ingênuo: SoA_to_AoS,2.708673,2.087787,3.164002
4000x3000.png,Gaussian_11x11,omp,SoA separável: AoS_to_SoA,1.720205,1.662277,1.898126
4000x3000.png,Gaussian_11x11,omp,SoA separável: End_to_End,13.15333,12.997274,18.947934
4000x3000.png,Gaussian_11x11,omp,SoA separável: Horizontal_Passes,4.747314,4.627166,7.295382
4000x3000.png,Gaussian_11x11,omp,SoA separável: Kernel,9.681294,9.533808,15.443587
4000x3000.png,Gaussian_11x11,omp,SoA separável: SoA_to_AoS,1.765711,1.710689,1.962548
4000x3000.png,Gaussian_11x11,omp,SoA separável: Vertical_Passes,4.93398,4.906642,8.148205
4000x3000.png,Gaussian_11x11,omp-avx2,AoS direto: Kernel,176.987048,176.892896,177.164329
4000x3000.png,Gaussian_11x11,omp-avx2,SoA ingênuo: AoS_to_SoA,1.741448,1.690312,1.820745
4000x3000.png,Gaussian_11x11,omp-avx2,SoA ingênuo: End_to_End,354.141858,353.737527,354.715027
4000x3000.png,Gaussian_11x11,omp-avx2,SoA ingênuo: Kernel,350.120703,349.52553,350.138997
4000x3000.png,Gaussian_11x11,omp-avx2,SoA ingênuo: SoA_to_AoS,2.521685,2.247923,2.761768
4000x3000.png,Gaussian_11x11,omp-avx2,SoA separável: AoS_to_SoA,1.741448,1.690312,1.820745
4000x3000.png,Gaussian_11x11,omp-avx2,SoA separável: End_to_End,11.541461,11.310263,11.739051
4000x3000.png,Gaussian_11x11,omp-avx2,SoA separável: Horizontal_Passes,4.192545,4.019086,4.274492
4000x3000.png,Gaussian_11x11,omp-avx2,SoA separável: Kernel,8.004675,7.911937,8.187611
4000x3000.png,Gaussian_11x11,omp-avx2,SoA separável: SoA_to_AoS,1.730161,1.683834,1.812606
4000x3000.png,Gaussian_11x11,omp-avx2,SoA separável: Vertical_Passes,3.929177,3.712915,3.995066
4000x3000.png,Grayscale,off,AoS direto: Kernel,3.961668,3.903003,3.978186
4000x3000.png,Grayscale,off,SoA ingênuo: AoS_to_SoA,2.357635,2.254746,2.464191
4000x3000.png,Grayscale,off,SoA ingênuo: End_to_End,7.220705,6.888022,7.691797
4000x3000.png,Grayscale,off,SoA ingênuo: Kernel,2.311838,2.287469,2.332061
4000x3000.png,Grayscale,off,SoA ingênuo: SoA_to_AoS,2.520679,2.30434,2.971036
4000x3000.png,Grayscale,off-avx2,AoS direto: Kernel,3.973295,3.947567,4.01409
4000x3000.png,Grayscale,off-avx2,SoA ingênuo: AoS_to_SoA,2.341635,2.226778,2.391371
4000x3000.png,Grayscale,off-avx2,SoA ingênuo: End_to_End,7.590864,6.909251,7.661988
4000x3000.png,Grayscale,off-avx2,SoA ingênuo: Kernel,2.21867,2.188247,2.386155
4000x3000.png,Grayscale,off-avx2,SoA ingênuo: SoA_to_AoS,3.027164,2.42693,3.049055
4000x3000.png,Grayscale,omp,AoS direto: Kernel,4.077264,4.029469,4.099239
4000x3000.png,Grayscale,omp,SoA ingênuo: AoS_to_SoA,2.319601,2.219445,2.495101
4000x3000.png,Grayscale,omp,SoA ingênuo: End_to_End,7.413479,6.738084,7.670101
4000x3000.png,Grayscale,omp,SoA ingênuo: Kernel,2.282618,2.274247,2.33675
4000x3000.png,Grayscale,omp,SoA ingênuo: SoA_to_AoS,2.814226,2.220802,3.01375
4000x3000.png,Grayscale,omp-avx2,AoS direto: Kernel,3.995294,3.950544,5.634609
4000x3000.png,Grayscale,omp-avx2,SoA ingênuo: AoS_to_SoA,2.329825,2.251228,2.360814
4000x3000.png,Grayscale,omp-avx2,SoA ingênuo: End_to_End,7.450141,6.914943,10.159293
4000x3000.png,Grayscale,omp-avx2,SoA ingênuo: Kernel,2.181083,2.16692,4.209324
4000x3000.png,Grayscale,omp-avx2,SoA ingênuo: SoA_to_AoS,2.994827,2.447214,3.617142
6000x6000.png,Gaussian_11x11,off,AoS direto: Kernel,533.940138,531.452636,536.570003
6000x6000.png,Gaussian_11x11,off,SoA ingênuo: AoS_to_SoA,5.947544,5.903099,5.99627
6000x6000.png,Gaussian_11x11,off,SoA ingênuo: End_to_End,545.840027,544.222608,546.141711
6000x6000.png,Gaussian_11x11,off,SoA ingênuo: Kernel,534.696283,532.997605,535.054545
6000x6000.png,Gaussian_11x11,off,SoA ingênuo: SoA_to_AoS,5.228733,5.024599,5.542329
6000x6000.png,Gaussian_11x11,off,SoA separável: AoS_to_SoA,5.947544,5.903099,5.99627
6000x6000.png,Gaussian_11x11,off,SoA separável: End_to_End,55.028377,52.797179,90.066734
6000x6000.png,Gaussian_11x11,off,SoA separável: Horizontal_Passes,19.509561,19.168562,33.618291
6000x6000.png,Gaussian_11x11,off,SoA separável: Kernel,45.40945,43.197417,78.984102
6000x6000.png,Gaussian_11x11,off,SoA separável: SoA_to_AoS,3.796331,3.655256,5.135088
6000x6000.png,Gaussian_11x11,off,SoA separável: Vertical_Passes,25.870326,24.028855,45.365811
6000x6000.png,Gaussian_11x11,off-avx2,AoS direto: Kernel,531.406282,529.888069,636.604267
6000x6000.png,Gaussian_11x11,off-avx2,SoA ingênuo: AoS_to_SoA,5.966176,5.762268,9.407863
6000x6000.png,Gaussian_11x11,off-avx2,SoA ingênuo: End_to_End,545.334325,544.155414,574.279562
6000x6000.png,Gaussian_11x11,off-avx2,SoA ingênuo: Kernel,534.084359,533.047782,559.800823
6000x6000.png,Gaussian_11x11,off-avx2,SoA ingênuo: SoA_to_AoS,5.141456,5.070876,5.412039
6000x6000.png,Gaussian_11x11,off-avx2,SoA separável: AoS_to_SoA,5.966176,5.762268,9.407863
6000x6000.png,Gaussian_11x11,off-avx2,SoA separável: End_to_End,54.485849,53.321922,58.121323
6000x6000.png,Gaussian_11x11,off-avx2,SoA separável: Horizontal_Passes,19.151781,18.771223,19.508331
6000x6000.png,Gaussian_11x11,off-avx2,SoA separável: Kernel,44.812047,43.866473,45.030799
6000x6000.png,Gaussian_11x11,off-avx2,SoA separável: SoA_to_AoS,3.683329,3.649526,3.781058
6000x6000.png,Gaussian_11x11,off-avx2,SoA separável: Vertical_Passes,25.866511,24.358142,25.879018
6000x6000.png,Gaussian_11x11,omp,AoS direto: Kernel,532.419665,531.471969,568.211639
6000x6000.png,Gaussian_11x11,omp,SoA ingênuo: AoS_to_SoA,5.9794,5.876385,6.031702
6000x6000.png,Gaussian_11x11,omp,SoA ingênuo: End_to_End,1097.158527,1092.714959,1099.542256
6000x6000.png,Gaussian_11x11,omp,SoA ingênuo: Kernel,1085.751183,1081.789136,1087.132378
6000x6000.png,Gaussian_11x11,omp,SoA ingênuo: SoA_to_AoS,5.394383,5.027942,6.587852
6000x6000.png,Gaussian_11x11,omp,SoA separável: AoS_to_SoA,5.9794,5.876385,6.031702
6000x6000.png,Gaussian_11x11,omp,SoA separável: End_to_End,45.650285,45.389428,47.2708
6000x6000.png,Gaussian_11x11,omp,SoA separável: Horizontal_Passes,18.658404,18.299492,19.630262
6000x6000.png,Gaussian_11x11,omp,SoA separável: Kernel,35.822841,35.51141,37.526347
6000x6000.png,Gaussian_11x11,omp,SoA separável: SoA_to_AoS,3.80558,3.643818,3.846316
6000x6000.png,Gaussian_11x11,omp,SoA separável: Vertical_Passes,17.292654,16.986061,17.896085
6000x6000.png,Gaussian_11x11,omp-avx2,AoS direto: Kernel,531.26661,530.318307,755.235368
6000x6000.png,Gaussian_11x11,omp-avx2,SoA ingênuo: AoS_to_SoA,6.036794,5.971728,6.483491
6000x6000.png,Gaussian_11x11,omp-avx2,SoA ingênuo: End_to_End,1084.829847,1077.429276,1092.544656
6000x6000.png,Gaussian_11x11,omp-avx2,SoA ingênuo: Kernel,1072.850929,1065.885956,1081.506119
6000x6000.png,Gaussian_11x11,omp-avx2,SoA ingênuo: SoA_to_AoS,5.495427,4.930197,5.545371
6000x6000.png,Gaussian_11x11,omp-avx2,SoA separável: AoS_to_SoA,6.036794,5.971728,6.483491
6000x6000.png,Gaussian_11x11,omp-avx2,SoA separável: End_to_End,43.375845,42.156939,43.462606
6000x6000.png,Gaussian_11x11,omp-avx2,SoA separável: Horizontal_Passes,17.77323,17.294114,17.870631
6000x6000.png,Gaussian_11x11,omp-avx2,SoA separável: Kernel,33.192968,32.471084,33.718669
6000x6000.png,Gaussian_11x11,omp-avx2,SoA separável: SoA_to_AoS,3.762528,3.623575,3.772209
6000x6000.png,Gaussian_11x11,omp-avx2,SoA separável: Vertical_Passes,15.425658,15.17697,15.848038
6000x6000.png,Grayscale,off,AoS direto: Kernel,9.607823,9.588787,14.731615
6000x6000.png,Grayscale,off,SoA ingênuo: AoS_to_SoA,6.357982,6.286227,7.166745
6000x6000.png,Grayscale,off,SoA ingênuo: End_to_End,19.374338,19.135049,28.166761
6000x6000.png,Grayscale,off,SoA ingênuo: Kernel,7.006073,6.912936,12.125909
6000x6000.png,Grayscale,off,SoA ingênuo: SoA_to_AoS,6.048026,5.770994,8.874107
6000x6000.png,Grayscale,off-avx2,AoS direto: Kernel,9.684864,9.666474,9.729498
6000x6000.png,Grayscale,off-avx2,SoA ingênuo: AoS_to_SoA,6.451817,6.400767,6.534844
6000x6000.png,Grayscale,off-avx2,SoA ingênuo: End_to_End,19.028668,18.937539,19.367499
6000x6000.png,Grayscale,off-avx2,SoA ingênuo: Kernel,6.621561,6.596368,6.633857
6000x6000.png,Grayscale,off-avx2,SoA ingênuo: SoA_to_AoS,5.958435,5.880944,6.251113
6000x6000.png,Grayscale,omp,AoS direto: Kernel,9.965455,9.908726,10.044427
6000x6000.png,Grayscale,omp,SoA ingênuo: AoS_to_SoA,6.402605,6.390264,6.562922
6000x6000.png,Grayscale,omp,SoA ingênuo: End_to_End,19.226868,19.181172,19.861786
6000x6000.png,Grayscale,omp,SoA ingênuo: Kernel,6.87733,6.757076,6.92227
6000x6000.png,Grayscale,omp,SoA ingênuo: SoA_to_AoS,5.946933,5.868638,6.509974
6000x6000.png,Grayscale,omp-avx2,AoS direto: Kernel,9.632952,9.596134,9.664351
6000x6000.png,Grayscale,omp-avx2,SoA ingênuo: AoS_to_SoA,6.22715,6.164462,6.567144
6000x6000.png,Grayscale,omp-avx2,SoA ingênuo: End_to_End,19.101493,18.79345,20.800558
6000x6000.png,Grayscale,omp-avx2,SoA ingênuo: Kernel,6.564734,6.439918,6.608215
6000x6000.png,Grayscale,omp-avx2,SoA ingênuo: SoA_to_AoS,6.266128,5.83058,7.852508
