Experiment,Build,Image,Threads,Round,Order,Schedule,Chunk,Thread,Rows,Work_ms
flip-schedule-confirmation,omp-avx2,6000x6000.png,20,0,0,dynamic,16,0,368,4.760105
flip-schedule-confirmation,omp-avx2,6000x6000.png,20,0,0,dynamic,16,1,304,4.785214
flip-schedule-confirmation,omp-avx2,6000x6000.png,20,0,0,dynamic,16,2,304,4.771966
flip-schedule-confirmation,omp-avx2,6000x6000.png,20,0,0,dynamic,16,3,304,4.741693
flip-schedule-confirmation,omp-avx2,6000x6000.png,20,0,0,dynamic,16,4,304,4.774397
flip-schedule-confirmation,omp-avx2,6000x6000.png,20,0,0,dynamic,16,5,304,4.738254
flip-schedule-confirmation,omp-avx2,6000x6000.png,20,0,0,dynamic,16,6,304,4.749248
flip-schedule-confirmation,omp-avx2,6000x6000.png,20,0,0,dynamic,16,7,384,4.916601
flip-schedule-confirmation,omp-avx2,6000x6000.png,20,0,0,dynamic,16,8,304,4.756952
flip-schedule-confirmation,omp-avx2,6000x6000.png,20,0,0,dynamic,16,9,304,4.799398
flip-schedule-confirmation,omp-avx2,6000x6000.png,20,0,0,dynamic,16,10,288,4.971419
flip-schedule-confirmation,omp-avx2,6000x6000.png,20,0,0,dynamic,16,11,288,4.966384
flip-schedule-confirmation,omp-avx2,6000x6000.png,20,0,0,dynamic,16,12,272,4.728269
flip-schedule-confirmation,omp-avx2,6000x6000.png,20,0,0,dynamic,16,13,288,4.954820
flip-schedule-confirmation,omp-avx2,6000x6000.png,20,0,0,dynamic,16,14,288,4.962446
flip-schedule-confirmation,omp-avx2,6000x6000.png,20,0,0,dynamic,16,15,272,4.727935
flip-schedule-confirmation,omp-avx2,6000x6000.png,20,0,0,dynamic,16,16,272,4.760472
flip-schedule-confirmation,omp-avx2,6000x6000.png,20,0,0,dynamic,16,17,288,4.965030
flip-schedule-confirmation,omp-avx2,6000x6000.png,20,0,0,dynamic,16,18,288,4.943736
flip-schedule-confirmation,omp-avx2,6000x6000.png,20,0,0,dynamic,16,19,272,4.751580
flip-schedule-confirmation,omp-avx2,6000x6000.png,20,0,1,static,16,0,304,3.904719
flip-schedule-confirmation,omp-avx2,6000x6000.png,20,0,1,static,16,1,304,4.706919
flip-schedule-confirmation,omp-avx2,6000x6000.png,20,0,1,static,16,2,304,4.679758
flip-schedule-confirmation,omp-avx2,6000x6000.png,20,0,1,static,16,3,304,4.696960
flip-schedule-confirmation,omp-avx2,6000x6000.png,20,0,1,static,16,4,304,4.702684
flip-schedule-confirmation,omp-avx2,6000x6000.png,20,0,1,static,16,5,304,4.669765
flip-schedule-confirmation,omp-avx2,6000x6000.png,20,0,1,static,16,6,304,4.046988
flip-schedule-confirmation,omp-avx2,6000x6000.png,20,0,1,static,16,7,304,4.693920
flip-schedule-confirmation,omp-avx2,6000x6000.png,20,0,1,static,16,8,304,4.697474
flip-schedule-confirmation,omp-avx2,6000x6000.png,20,0,1,static,16,9,304,4.690910
flip-schedule-confirmation,omp-avx2,6000x6000.png,20,0,1,static,16,10,304,5.348392
flip-schedule-confirmation,omp-avx2,6000x6000.png,20,0,1,static,16,11,304,5.335467
flip-schedule-confirmation,omp-avx2,6000x6000.png,20,0,1,static,16,12,304,5.354613
flip-schedule-confirmation,omp-avx2,6000x6000.png,20,0,1,static,16,13,304,5.360112
flip-schedule-confirmation,omp-avx2,6000x6000.png,20,0,1,static,16,14,304,5.331447
flip-schedule-confirmation,omp-avx2,6000x6000.png,20,0,1,static,16,15,288,5.040973
flip-schedule-confirmation,omp-avx2,6000x6000.png,20,0,1,static,16,16,288,5.048411
flip-schedule-confirmation,omp-avx2,6000x6000.png,20,0,1,static,16,17,288,5.057612
flip-schedule-confirmation,omp-avx2,6000x6000.png,20,0,1,static,16,18,288,5.043702
flip-schedule-confirmation,omp-avx2,6000x6000.png,20,0,1,static,16,19,288,5.030794
flip-schedule-confirmation,omp-avx2,6000x6000.png,20,0,2,static,,0,300,3.850859
flip-schedule-confirmation,omp-avx2,6000x6000.png,20,0,2,static,,1,300,4.627090
flip-schedule-confirmation,omp-avx2,6000x6000.png,20,0,2,static,,2,300,4.641987
flip-schedule-confirmation,omp-avx2,6000x6000.png,20,0,2,static,,3,300,4.601840
flip-schedule-confirmation,omp-avx2,6000x6000.png,20,0,2,static,,4,300,4.630897
flip-schedule-confirmation,omp-avx2,6000x6000.png,20,0,2,static,,5,300,4.592694
flip-schedule-confirmation,omp-avx2,6000x6000.png,20,0,2,static,,6,300,4.119758
flip-schedule-confirmation,omp-avx2,6000x6000.png,20,0,2,static,,7,300,4.603744
flip-schedule-confirmation,omp-avx2,6000x6000.png,20,0,2,static,,8,300,4.739240
flip-schedule-confirmation,omp-avx2,6000x6000.png,20,0,2,static,,9,300,4.034810
flip-schedule-confirmation,omp-avx2,6000x6000.png,20,0,2,static,,10,300,5.032495
flip-schedule-confirmation,omp-avx2,6000x6000.png,20,0,2,static,,11,300,5.066644
flip-schedule-confirmation,omp-avx2,6000x6000.png,20,0,2,static,,12,300,5.046388
flip-schedule-confirmation,omp-avx2,6000x6000.png,20,0,2,static,,13,300,5.065735
flip-schedule-confirmation,omp-avx2,6000x6000.png,20,0,2,static,,14,300,5.051421
flip-schedule-confirmation,omp-avx2,6000x6000.png,20,0,2,static,,15,300,5.131420
flip-schedule-confirmation,omp-avx2,6000x6000.png,20,0,2,static,,16,300,5.094040
flip-schedule-confirmation,omp-avx2,6000x6000.png,20,0,2,static,,17,300,5.117493
flip-schedule-confirmation,omp-avx2,6000x6000.png,20,0,2,static,,18,300,5.091460
flip-schedule-confirmation,omp-avx2,6000x6000.png,20,0,2,static,,19,300,5.110733
flip-schedule-confirmation,omp-avx2,6000x6000.png,20,0,3,dynamic,1,0,340,4.893498
flip-schedule-confirmation,omp-avx2,6000x6000.png,20,0,3,dynamic,1,1,314,4.846156
flip-schedule-confirmation,omp-avx2,6000x6000.png,20,0,3,dynamic,1,2,310,4.840732
flip-schedule-confirmation,omp-avx2,6000x6000.png,20,0,3,dynamic,1,3,313,4.847063
flip-schedule-confirmation,omp-avx2,6000x6000.png,20,0,3,dynamic,1,4,311,4.844867
flip-schedule-confirmation,omp-avx2,6000x6000.png,20,0,3,dynamic,1,5,310,4.838888
flip-schedule-confirmation,omp-avx2,6000x6000.png,20,0,3,dynamic,1,6,309,4.836414
flip-schedule-confirmation,omp-avx2,6000x6000.png,20,0,3,dynamic,1,7,307,4.839836
flip-schedule-confirmation,omp-avx2,6000x6000.png,20,0,3,dynamic,1,8,310,4.836349
flip-schedule-confirmation,omp-avx2,6000x6000.png,20,0,3,dynamic,1,9,312,4.842246
flip-schedule-confirmation,omp-avx2,6000x6000.png,20,0,3,dynamic,1,10,287,4.830265
flip-schedule-confirmation,omp-avx2,6000x6000.png,20,0,3,dynamic,1,11,288,4.831003
flip-schedule-confirmation,omp-avx2,6000x6000.png,20,0,3,dynamic,1,12,284,4.841201
flip-schedule-confirmation,omp-avx2,6000x6000.png,20,0,3,dynamic,1,13,287,4.840568
flip-schedule-confirmation,omp-avx2,6000x6000.png,20,0,3,dynamic,1,14,287,4.838848
flip-schedule-confirmation,omp-avx2,6000x6000.png,20,0,3,dynamic,1,15,288,4.839953
flip-schedule-confirmation,omp-avx2,6000x6000.png,20,0,3,dynamic,1,16,284,4.836434
flip-schedule-confirmation,omp-avx2,6000x6000.png,20,0,3,dynamic,1,17,288,4.837492
flip-schedule-confirmation,omp-avx2,6000x6000.png,20,0,3,dynamic,1,18,284,4.832741
flip-schedule-confirmation,omp-avx2,6000x6000.png,20,0,3,dynamic,1,19,287,4.830249
flip-schedule-confirmation,omp-avx2,6000x6000.png,20,0,4,static,1,0,300,3.817454
flip-schedule-confirmation,omp-avx2,6000x6000.png,20,0,4,static,1,1,300,4.415380
flip-schedule-confirmation,omp-avx2,6000x6000.png,20,0,4,static,1,2,300,4.425123
flip-schedule-confirmation,omp-avx2,6000x6000.png,20,0,4,static,1,3,300,4.404744
flip-schedule-confirmation,omp-avx2,6000x6000.png,20,0,4,static,1,4,300,4.392395
flip-schedule-confirmation,omp-avx2,6000x6000.png,20,0,4,static,1,5,300,4.397206
flip-schedule-confirmation,omp-avx2,6000x6000.png,20,0,4,static,1,6,300,4.392298
flip-schedule-confirmation,omp-avx2,6000x6000.png,20,0,4,static,1,7,300,4.411897
flip-schedule-confirmation,omp-avx2,6000x6000.png,20,0,4,static,1,8,300,4.413495
flip-schedule-confirmation,omp-avx2,6000x6000.png,20,0,4,static,1,9,300,4.413523
flip-schedule-confirmation,omp-avx2,6000x6000.png,20,0,4,static,1,10,300,4.827159
flip-schedule-confirmation,omp-avx2,6000x6000.png,20,0,4,static,1,11,300,4.819172
flip-schedule-confirmation,omp-avx2,6000x6000.png,20,0,4,static,1,12,300,4.800033
flip-schedule-confirmation,omp-avx2,6000x6000.png,20,0,4,static,1,13,300,4.769141
flip-schedule-confirmation,omp-avx2,6000x6000.png,20,0,4,static,1,14,300,4.766483
flip-schedule-confirmation,omp-avx2,6000x6000.png,20,0,4,static,1,15,300,4.770976
flip-schedule-confirmation,omp-avx2,6000x6000.png,20,0,4,static,1,16,300,4.756607
flip-schedule-confirmation,omp-avx2,6000x6000.png,20,0,4,static,1,17,300,4.822575
flip-schedule-confirmation,omp-avx2,6000x6000.png,20,0,4,static,1,18,300,4.821260
flip-schedule-confirmation,omp-avx2,6000x6000.png,20,0,4,static,1,19,300,4.837340
flip-schedule-confirmation,omp-avx2,6000x6000.png,20,1,0,static,1,0,300,3.841862
flip-schedule-confirmation,omp-avx2,6000x6000.png,20,1,0,static,1,1,300,4.378181
flip-schedule-confirmation,omp-avx2,6000x6000.png,20,1,0,static,1,2,300,4.103441
flip-schedule-confirmation,omp-avx2,6000x6000.png,20,1,0,static,1,3,300,4.376367
flip-schedule-confirmation,omp-avx2,6000x6000.png,20,1,0,static,1,4,300,4.369309
flip-schedule-confirmation,omp-avx2,6000x6000.png,20,1,0,static,1,5,300,4.374415
flip-schedule-confirmation,omp-avx2,6000x6000.png,20,1,0,static,1,6,300,4.384877
flip-schedule-confirmation,omp-avx2,6000x6000.png,20,1,0,static,1,7,300,4.391883
flip-schedule-confirmation,omp-avx2,6000x6000.png,20,1,0,static,1,8,300,4.384235
flip-schedule-confirmation,omp-avx2,6000x6000.png,20,1,0,static,1,9,300,4.395779
flip-schedule-confirmation,omp-avx2,6000x6000.png,20,1,0,static,1,10,300,4.698310
flip-schedule-confirmation,omp-avx2,6000x6000.png,20,1,0,static,1,11,300,4.682681
flip-schedule-confirmation,omp-avx2,6000x6000.png,20,1,0,static,1,12,300,4.653048
flip-schedule-confirmation,omp-avx2,6000x6000.png,20,1,0,static,1,13,300,4.630327
flip-schedule-confirmation,omp-avx2,6000x6000.png,20,1,0,static,1,14,300,4.659899
flip-schedule-confirmation,omp-avx2,6000x6000.png,20,1,0,static,1,15,300,4.671942
flip-schedule-confirmation,omp-avx2,6000x6000.png,20,1,0,static,1,16,300,4.664719
flip-schedule-confirmation,omp-avx2,6000x6000.png,20,1,0,static,1,17,300,4.670421
flip-schedule-confirmation,omp-avx2,6000x6000.png,20,1,0,static,1,18,300,4.630290
flip-schedule-confirmation,omp-avx2,6000x6000.png,20,1,0,static,1,19,300,4.705353
flip-schedule-confirmation,omp-avx2,6000x6000.png,20,1,1,dynamic,1,0,350,4.753495
flip-schedule-confirmation,omp-avx2,6000x6000.png,20,1,1,dynamic,1,1,309,4.702795
flip-schedule-confirmation,omp-avx2,6000x6000.png,20,1,1,dynamic,1,2,311,4.693881
flip-schedule-confirmation,omp-avx2,6000x6000.png,20,1,1,dynamic,1,3,313,4.700325
flip-schedule-confirmation,omp-avx2,6000x6000.png,20,1,1,dynamic,1,4,312,4.691480
flip-schedule-confirmation,omp-avx2,6000x6000.png,20,1,1,dynamic,1,5,312,4.701035
flip-schedule-confirmation,omp-avx2,6000x6000.png,20,1,1,dynamic,1,6,312,4.693337
flip-schedule-confirmation,omp-avx2,6000x6000.png,20,1,1,dynamic,1,7,312,4.691469
flip-schedule-confirmation,omp-avx2,6000x6000.png,20,1,1,dynamic,1,8,312,4.694561
flip-schedule-confirmation,omp-avx2,6000x6000.png,20,1,1,dynamic,1,9,312,4.696535
flip-schedule-confirmation,omp-avx2,6000x6000.png,20,1,1,dynamic,1,10,285,4.697356
flip-schedule-confirmation,omp-avx2,6000x6000.png,20,1,1,dynamic,1,11,285,4.689112
flip-schedule-confirmation,omp-avx2,6000x6000.png,20,1,1,dynamic,1,12,288,4.689807
flip-schedule-confirmation,omp-avx2,6000x6000.png,20,1,1,dynamic,1,13,283,4.692324
flip-schedule-confirmation,omp-avx2,6000x6000.png,20,1,1,dynamic,1,14,278,4.698347
flip-schedule-confirmation,omp-avx2,6000x6000.png,20,1,1,dynamic,1,15,284,4.699055
flip-schedule-confirmation,omp-avx2,6000x6000.png,20,1,1,dynamic,1,16,286,4.689272
flip-schedule-confirmation,omp-avx2,6000x6000.png,20,1,1,dynamic,1,17,285,4.698735
flip-schedule-confirmation,omp-avx2,6000x6000.png,20,1,1,dynamic,1,18,285,4.696663
flip-schedule-confirmation,omp-avx2,6000x6000.png,20,1,1,dynamic,1,19,286,4.690168
flip-schedule-confirmation,omp-avx2,6000x6000.png,20,1,2,static,16,0,304,3.876761
flip-schedule-confirmation,omp-avx2,6000x6000.png,20,1,2,static,16,1,304,4.710685
flip-schedule-confirmation,omp-avx2,6000x6000.png,20,1,2,static,16,2,304,4.708091
flip-schedule-confirmation,omp-avx2,6000x6000.png,20,1,2,static,16,3,304,4.710225
flip-schedule-confirmation,omp-avx2,6000x6000.png,20,1,2,static,16,4,304,4.730726
flip-schedule-confirmation,omp-avx2,6000x6000.png,20,1,2,static,16,5,304,4.730638
flip-schedule-confirmation,omp-avx2,6000x6000.png,20,1,2,static,16,6,304,4.735164
flip-schedule-confirmation,omp-avx2,6000x6000.png,20,1,2,static,16,7,304,4.709611
flip-schedule-confirmation,omp-avx2,6000x6000.png,20,1,2,static,16,8,304,4.712768
flip-schedule-confirmation,omp-avx2,6000x6000.png,20,1,2,static,16,9,304,4.722428
flip-schedule-confirmation,omp-avx2,6000x6000.png,20,1,2,static,16,10,304,5.117727
flip-schedule-confirmation,omp-avx2,6000x6000.png,20,1,2,static,16,11,304,5.109480
flip-schedule-confirmation,omp-avx2,6000x6000.png,20,1,2,static,16,12,304,5.156199
flip-schedule-confirmation,omp-avx2,6000x6000.png,20,1,2,static,16,13,304,5.137332
flip-schedule-confirmation,omp-avx2,6000x6000.png,20,1,2,static,16,14,304,5.139863
flip-schedule-confirmation,omp-avx2,6000x6000.png,20,1,2,static,16,15,288,4.847135
flip-schedule-confirmation,omp-avx2,6000x6000.png,20,1,2,static,16,16,288,4.882544
flip-schedule-confirmation,omp-avx2,6000x6000.png,20,1,2,static,16,17,288,4.877292
flip-schedule-confirmation,omp-avx2,6000x6000.png,20,1,2,static,16,18,288,4.859956
flip-schedule-confirmation,omp-avx2,6000x6000.png,20,1,2,static,16,19,288,4.847158
flip-schedule-confirmation,omp-avx2,6000x6000.png,20,1,3,static,,0,300,3.847385
flip-schedule-confirmation,omp-avx2,6000x6000.png,20,1,3,static,,1,300,4.630120
flip-schedule-confirmation,omp-avx2,6000x6000.png,20,1,3,static,,2,300,4.646238
flip-schedule-confirmation,omp-avx2,6000x6000.png,20,1,3,static,,3,300,4.635515
flip-schedule-confirmation,omp-avx2,6000x6000.png,20,1,3,static,,4,300,4.626455
flip-schedule-confirmation,omp-avx2,6000x6000.png,20,1,3,static,,5,300,4.611608
flip-schedule-confirmation,omp-avx2,6000x6000.png,20,1,3,static,,6,300,4.642915
flip-schedule-confirmation,omp-avx2,6000x6000.png,20,1,3,static,,7,300,4.634488
flip-schedule-confirmation,omp-avx2,6000x6000.png,20,1,3,static,,8,300,4.686734
flip-schedule-confirmation,omp-avx2,6000x6000.png,20,1,3,static,,9,300,4.615489
flip-schedule-confirmation,omp-avx2,6000x6000.png,20,1,3,static,,10,300,5.171835
flip-schedule-confirmation,omp-avx2,6000x6000.png,20,1,3,static,,11,300,5.186019
flip-schedule-confirmation,omp-avx2,6000x6000.png,20,1,3,static,,12,300,5.181715
flip-schedule-confirmation,omp-avx2,6000x6000.png,20,1,3,static,,13,300,5.193643
flip-schedule-confirmation,omp-avx2,6000x6000.png,20,1,3,static,,14,300,5.159521
flip-schedule-confirmation,omp-avx2,6000x6000.png,20,1,3,static,,15,300,5.285554
flip-schedule-confirmation,omp-avx2,6000x6000.png,20,1,3,static,,16,300,5.194606
flip-schedule-confirmation,omp-avx2,6000x6000.png,20,1,3,static,,17,300,5.243951
flip-schedule-confirmation,omp-avx2,6000x6000.png,20,1,3,static,,18,300,5.197370
flip-schedule-confirmation,omp-avx2,6000x6000.png,20,1,3,static,,19,300,5.212927
flip-schedule-confirmation,omp-avx2,6000x6000.png,20,1,4,dynamic,16,0,384,4.930681
flip-schedule-confirmation,omp-avx2,6000x6000.png,20,1,4,dynamic,16,1,320,4.944444
flip-schedule-confirmation,omp-avx2,6000x6000.png,20,1,4,dynamic,16,2,320,4.923569
flip-schedule-confirmation,omp-avx2,6000x6000.png,20,1,4,dynamic,16,3,320,4.915239
flip-schedule-confirmation,omp-avx2,6000x6000.png,20,1,4,dynamic,16,4,320,4.945338
flip-schedule-confirmation,omp-avx2,6000x6000.png,20,1,4,dynamic,16,5,320,4.943272
flip-schedule-confirmation,omp-avx2,6000x6000.png,20,1,4,dynamic,16,6,320,4.932797
flip-schedule-confirmation,omp-avx2,6000x6000.png,20,1,4,dynamic,16,7,352,4.776413
flip-schedule-confirmation,omp-avx2,6000x6000.png,20,1,4,dynamic,16,8,304,4.708232
flip-schedule-confirmation,omp-avx2,6000x6000.png,20,1,4,dynamic,16,9,320,4.932156
flip-schedule-confirmation,omp-avx2,6000x6000.png,20,1,4,dynamic,16,10,272,4.825447
flip-schedule-confirmation,omp-avx2,6000x6000.png,20,1,4,dynamic,16,11,272,4.819043
flip-schedule-confirmation,omp-avx2,6000x6000.png,20,1,4,dynamic,16,12,272,4.810879
flip-schedule-confirmation,omp-avx2,6000x6000.png,20,1,4,dynamic,16,13,272,4.838802
flip-schedule-confirmation,omp-avx2,6000x6000.png,20,1,4,dynamic,16,14,272,4.804039
flip-schedule-confirmation,omp-avx2,6000x6000.png,20,1,4,dynamic,16,15,272,4.808147
flip-schedule-confirmation,omp-avx2,6000x6000.png,20,1,4,dynamic,16,16,272,4.877716
flip-schedule-confirmation,omp-avx2,6000x6000.png,20,1,4,dynamic,16,17,272,4.849959
flip-schedule-confirmation,omp-avx2,6000x6000.png,20,1,4,dynamic,16,18,272,4.821585
flip-schedule-confirmation,omp-avx2,6000x6000.png,20,1,4,dynamic,16,19,272,4.803734
flip-schedule-confirmation,omp-avx2,6000x6000.png,20,2,0,dynamic,16,0,384,4.924985
flip-schedule-confirmation,omp-avx2,6000x6000.png,20,2,0,dynamic,16,1,320,4.943335
flip-schedule-confirmation,omp-avx2,6000x6000.png,20,2,0,dynamic,16,2,320,4.956143
flip-schedule-confirmation,omp-avx2,6000x6000.png,20,2,0,dynamic,16,3,320,4.954644
flip-schedule-confirmation,omp-avx2,6000x6000.png,20,2,0,dynamic,16,4,320,4.938059
flip-schedule-confirmation,omp-avx2,6000x6000.png,20,2,0,dynamic,16,5,320,4.925508
flip-schedule-confirmation,omp-avx2,6000x6000.png,20,2,0,dynamic,16,6,320,4.945649
flip-schedule-confirmation,omp-avx2,6000x6000.png,20,2,0,dynamic,16,7,352,4.932487
flip-schedule-confirmation,omp-avx2,6000x6000.png,20,2,0,dynamic,16,8,304,4.736027
flip-schedule-confirmation,omp-avx2,6000x6000.png,20,2,0,dynamic,16,9,320,4.947023
flip-schedule-confirmation,omp-avx2,6000x6000.png,20,2,0,dynamic,16,10,272,4.821790
flip-schedule-confirmation,omp-avx2,6000x6000.png,20,2,0,dynamic,16,11,272,4.789378
flip-schedule-confirmation,omp-avx2,6000x6000.png,20,2,0,dynamic,16,12,272,4.797468
flip-schedule-confirmation,omp-avx2,6000x6000.png,20,2,0,dynamic,16,13,272,4.787548
flip-schedule-confirmation,omp-avx2,6000x6000.png,20,2,0,dynamic,16,14,272,4.824756
flip-schedule-confirmation,omp-avx2,6000x6000.png,20,2,0,dynamic,16,15,272,4.796237
flip-schedule-confirmation,omp-avx2,6000x6000.png,20,2,0,dynamic,16,16,272,4.796172
flip-schedule-confirmation,omp-avx2,6000x6000.png,20,2,0,dynamic,16,17,272,4.806103
flip-schedule-confirmation,omp-avx2,6000x6000.png,20,2,0,dynamic,16,18,272,4.817553
flip-schedule-confirmation,omp-avx2,6000x6000.png,20,2,0,dynamic,16,19,272,4.832963
flip-schedule-confirmation,omp-avx2,6000x6000.png,20,2,1,static,,0,300,3.862070
flip-schedule-confirmation,omp-avx2,6000x6000.png,20,2,1,static,,1,300,4.644627
flip-schedule-confirmation,omp-avx2,6000x6000.png,20,2,1,static,,2,300,4.661100
flip-schedule-confirmation,omp-avx2,6000x6000.png,20,2,1,static,,3,300,4.607404
flip-schedule-confirmation,omp-avx2,6000x6000.png,20,2,1,static,,4,300,4.653016
flip-schedule-confirmation,omp-avx2,6000x6000.png,20,2,1,static,,5,300,4.618907
flip-schedule-confirmation,omp-avx2,6000x6000.png,20,2,1,static,,6,300,4.651129
flip-schedule-confirmation,omp-avx2,6000x6000.png,20,2,1,static,,7,300,4.631637
flip-schedule-confirmation,omp-avx2,6000x6000.png,20,2,1,static,,8,300,4.663602
flip-schedule-confirmation,omp-avx2,6000x6000.png,20,2,1,static,,9,300,4.657151
flip-schedule-confirmation,omp-avx2,6000x6000.png,20,2,1,static,,10,300,5.136505
flip-schedule-confirmation,omp-avx2,6000x6000.png,20,2,1,static,,11,300,5.148821
flip-schedule-confirmation,omp-avx2,6000x6000.png,20,2,1,static,,12,300,5.154612
flip-schedule-confirmation,omp-avx2,6000x6000.png,20,2,1,static,,13,300,5.168708
flip-schedule-confirmation,omp-avx2,6000x6000.png,20,2,1,static,,14,300,5.164517
flip-schedule-confirmation,omp-avx2,6000x6000.png,20,2,1,static,,15,300,5.201772
flip-schedule-confirmation,omp-avx2,6000x6000.png,20,2,1,static,,16,300,5.182713
flip-schedule-confirmation,omp-avx2,6000x6000.png,20,2,1,static,,17,300,5.247591
flip-schedule-confirmation,omp-avx2,6000x6000.png,20,2,1,static,,18,300,5.178383
flip-schedule-confirmation,omp-avx2,6000x6000.png,20,2,1,static,,19,300,5.212503
flip-schedule-confirmation,omp-avx2,6000x6000.png,20,2,2,static,1,0,300,3.872057
flip-schedule-confirmation,omp-avx2,6000x6000.png,20,2,2,static,1,1,300,4.438980
flip-schedule-confirmation,omp-avx2,6000x6000.png,20,2,2,static,1,2,300,4.468098
flip-schedule-confirmation,omp-avx2,6000x6000.png,20,2,2,static,1,3,300,4.449934
flip-schedule-confirmation,omp-avx2,6000x6000.png,20,2,2,static,1,4,300,4.450418
flip-schedule-confirmation,omp-avx2,6000x6000.png,20,2,2,static,1,5,300,4.464904
flip-schedule-confirmation,omp-avx2,6000x6000.png,20,2,2,static,1,6,300,4.453933
flip-schedule-confirmation,omp-avx2,6000x6000.png,20,2,2,static,1,7,300,4.474733
flip-schedule-confirmation,omp-avx2,6000x6000.png,20,2,2,static,1,8,300,4.394472
flip-schedule-confirmation,omp-avx2,6000x6000.png,20,2,2,static,1,9,300,4.472256
flip-schedule-confirmation,omp-avx2,6000x6000.png,20,2,2,static,1,10,300,4.785614
flip-schedule-confirmation,omp-avx2,6000x6000.png,20,2,2,static,1,11,300,4.762327
flip-schedule-confirmation,omp-avx2,6000x6000.png,20,2,2,static,1,12,300,4.703354
flip-schedule-confirmation,omp-avx2,6000x6000.png,20,2,2,static,1,13,300,4.726054
flip-schedule-confirmation,omp-avx2,6000x6000.png,20,2,2,static,1,14,300,4.723558
flip-schedule-confirmation,omp-avx2,6000x6000.png,20,2,2,static,1,15,300,4.719943
flip-schedule-confirmation,omp-avx2,6000x6000.png,20,2,2,static,1,16,300,4.693700
flip-schedule-confirmation,omp-avx2,6000x6000.png,20,2,2,static,1,17,300,4.751593
flip-schedule-confirmation,omp-avx2,6000x6000.png,20,2,2,static,1,18,300,4.770942
flip-schedule-confirmation,omp-avx2,6000x6000.png,20,2,2,static,1,19,300,4.777946
flip-schedule-confirmation,omp-avx2,6000x6000.png,20,2,3,static,16,0,304,3.866928
flip-schedule-confirmation,omp-avx2,6000x6000.png,20,2,3,static,16,1,304,4.146447
flip-schedule-confirmation,omp-avx2,6000x6000.png,20,2,3,static,16,2,304,4.687143
flip-schedule-confirmation,omp-avx2,6000x6000.png,20,2,3,static,16,3,304,4.694777
flip-schedule-confirmation,omp-avx2,6000x6000.png,20,2,3,static,16,4,304,4.727781
flip-schedule-confirmation,omp-avx2,6000x6000.png,20,2,3,static,16,5,304,4.715551
flip-schedule-confirmation,omp-avx2,6000x6000.png,20,2,3,static,16,6,304,4.722370
flip-schedule-confirmation,omp-avx2,6000x6000.png,20,2,3,static,16,7,304,4.707426
flip-schedule-confirmation,omp-avx2,6000x6000.png,20,2,3,static,16,8,304,4.725439
flip-schedule-confirmation,omp-avx2,6000x6000.png,20,2,3,static,16,9,304,4.713731
flip-schedule-confirmation,omp-avx2,6000x6000.png,20,2,3,static,16,10,304,5.091120
flip-schedule-confirmation,omp-avx2,6000x6000.png,20,2,3,static,16,11,304,5.082866
flip-schedule-confirmation,omp-avx2,6000x6000.png,20,2,3,static,16,12,304,5.137298
flip-schedule-confirmation,omp-avx2,6000x6000.png,20,2,3,static,16,13,304,5.144052
flip-schedule-confirmation,omp-avx2,6000x6000.png,20,2,3,static,16,14,304,5.122485
flip-schedule-confirmation,omp-avx2,6000x6000.png,20,2,3,static,16,15,288,4.839545
flip-schedule-confirmation,omp-avx2,6000x6000.png,20,2,3,static,16,16,288,4.859746
flip-schedule-confirmation,omp-avx2,6000x6000.png,20,2,3,static,16,17,288,4.849192
flip-schedule-confirmation,omp-avx2,6000x6000.png,20,2,3,static,16,18,288,4.853094
flip-schedule-confirmation,omp-avx2,6000x6000.png,20,2,3,static,16,19,288,4.824935
flip-schedule-confirmation,omp-avx2,6000x6000.png,20,2,4,dynamic,1,0,354,4.779378
flip-schedule-confirmation,omp-avx2,6000x6000.png,20,2,4,dynamic,1,1,315,4.725641
flip-schedule-confirmation,omp-avx2,6000x6000.png,20,2,4,dynamic,1,2,305,4.730871
flip-schedule-confirmation,omp-avx2,6000x6000.png,20,2,4,dynamic,1,3,315,4.726961
flip-schedule-confirmation,omp-avx2,6000x6000.png,20,2,4,dynamic,1,4,314,4.722398
flip-schedule-confirmation,omp-avx2,6000x6000.png,20,2,4,dynamic,1,5,313,4.732462
flip-schedule-confirmation,omp-avx2,6000x6000.png,20,2,4,dynamic,1,6,318,4.724441
flip-schedule-confirmation,omp-avx2,6000x6000.png,20,2,4,dynamic,1,7,315,4.719172
flip-schedule-confirmation,omp-avx2,6000x6000.png,20,2,4,dynamic,1,8,312,4.726421
flip-schedule-confirmation,omp-avx2,6000x6000.png,20,2,4,dynamic,1,9,314,4.719622
flip-schedule-confirmation,omp-avx2,6000x6000.png,20,2,4,dynamic,1,10,285,4.715612
flip-schedule-confirmation,omp-avx2,6000x6000.png,20,2,4,dynamic,1,11,282,4.717248
flip-schedule-confirmation,omp-avx2,6000x6000.png,20,2,4,dynamic,1,12,283,4.727531
flip-schedule-confirmation,omp-avx2,6000x6000.png,20,2,4,dynamic,1,13,283,4.719099
flip-schedule-confirmation,omp-avx2,6000x6000.png,20,2,4,dynamic,1,14,283,4.730375
flip-schedule-confirmation,omp-avx2,6000x6000.png,20,2,4,dynamic,1,15,278,4.720841
flip-schedule-confirmation,omp-avx2,6000x6000.png,20,2,4,dynamic,1,16,284,4.725810
flip-schedule-confirmation,omp-avx2,6000x6000.png,20,2,4,dynamic,1,17,280,4.714262
flip-schedule-confirmation,omp-avx2,6000x6000.png,20,2,4,dynamic,1,18,281,4.725279
flip-schedule-confirmation,omp-avx2,6000x6000.png,20,2,4,dynamic,1,19,286,4.719429
flip-schedule-confirmation,omp-avx2,6000x6000.png,20,3,0,static,,0,300,3.822124
flip-schedule-confirmation,omp-avx2,6000x6000.png,20,3,0,static,,1,300,4.637292
flip-schedule-confirmation,omp-avx2,6000x6000.png,20,3,0,static,,2,300,4.672837
flip-schedule-confirmation,omp-avx2,6000x6000.png,20,3,0,static,,3,300,4.637821
flip-schedule-confirmation,omp-avx2,6000x6000.png,20,3,0,static,,4,300,4.657930
flip-schedule-confirmation,omp-avx2,6000x6000.png,20,3,0,static,,5,300,4.639706
flip-schedule-confirmation,omp-avx2,6000x6000.png,20,3,0,static,,6,300,4.664946
flip-schedule-confirmation,omp-avx2,6000x6000.png,20,3,0,static,,7,300,4.625868
flip-schedule-confirmation,omp-avx2,6000x6000.png,20,3,0,static,,8,300,4.661150
flip-schedule-confirmation,omp-avx2,6000x6000.png,20,3,0,static,,9,300,4.627055
flip-schedule-confirmation,omp-avx2,6000x6000.png,20,3,0,static,,10,300,5.009739
flip-schedule-confirmation,omp-avx2,6000x6000.png,20,3,0,static,,11,300,5.066667
flip-schedule-confirmation,omp-avx2,6000x6000.png,20,3,0,static,,12,300,5.052781
flip-schedule-confirmation,omp-avx2,6000x6000.png,20,3,0,static,,13,300,5.053362
flip-schedule-confirmation,omp-avx2,6000x6000.png,20,3,0,static,,14,300,5.040871
flip-schedule-confirmation,omp-avx2,6000x6000.png,20,3,0,static,,15,300,5.088234
flip-schedule-confirmation,omp-avx2,6000x6000.png,20,3,0,static,,16,300,5.073331
flip-schedule-confirmation,omp-avx2,6000x6000.png,20,3,0,static,,17,300,5.132867
flip-schedule-confirmation,omp-avx2,6000x6000.png,20,3,0,static,,18,300,5.089659
flip-schedule-confirmation,omp-avx2,6000x6000.png,20,3,0,static,,19,300,5.111236
flip-schedule-confirmation,omp-avx2,6000x6000.png,20,3,1,static,16,0,304,3.903985
flip-schedule-confirmation,omp-avx2,6000x6000.png,20,3,1,static,16,1,304,4.784986
flip-schedule-confirmation,omp-avx2,6000x6000.png,20,3,1,static,16,2,304,4.771246
flip-schedule-confirmation,omp-avx2,6000x6000.png,20,3,1,static,16,3,304,4.775239
flip-schedule-confirmation,omp-avx2,6000x6000.png,20,3,1,static,16,4,304,4.797420
flip-schedule-confirmation,omp-avx2,6000x6000.png,20,3,1,static,16,5,304,4.767094
flip-schedule-confirmation,omp-avx2,6000x6000.png,20,3,1,static,16,6,304,4.751772
flip-schedule-confirmation,omp-avx2,6000x6000.png,20,3,1,static,16,7,304,4.012696
flip-schedule-confirmation,omp-avx2,6000x6000.png,20,3,1,static,16,8,304,4.014188
flip-schedule-confirmation,omp-avx2,6000x6000.png,20,3,1,static,16,9,304,4.020717
flip-schedule-confirmation,omp-avx2,6000x6000.png,20,3,1,static,16,10,304,5.279604
flip-schedule-confirmation,omp-avx2,6000x6000.png,20,3,1,static,16,11,304,5.292090
flip-schedule-confirmation,omp-avx2,6000x6000.png,20,3,1,static,16,12,304,5.327340
flip-schedule-confirmation,omp-avx2,6000x6000.png,20,3,1,static,16,13,304,5.380480
flip-schedule-confirmation,omp-avx2,6000x6000.png,20,3,1,static,16,14,304,5.339319
flip-schedule-confirmation,omp-avx2,6000x6000.png,20,3,1,static,16,15,288,5.042514
flip-schedule-confirmation,omp-avx2,6000x6000.png,20,3,1,static,16,16,288,5.068123
flip-schedule-confirmation,omp-avx2,6000x6000.png,20,3,1,static,16,17,288,5.093412
flip-schedule-confirmation,omp-avx2,6000x6000.png,20,3,1,static,16,18,288,5.084751
flip-schedule-confirmation,omp-avx2,6000x6000.png,20,3,1,static,16,19,288,5.038561
flip-schedule-confirmation,omp-avx2,6000x6000.png,20,3,2,dynamic,1,0,350,4.747476
flip-schedule-confirmation,omp-avx2,6000x6000.png,20,3,2,dynamic,1,1,310,4.705781
flip-schedule-confirmation,omp-avx2,6000x6000.png,20,3,2,dynamic,1,2,311,4.703043
flip-schedule-confirmation,omp-avx2,6000x6000.png,20,3,2,dynamic,1,3,310,4.695846
flip-schedule-confirmation,omp-avx2,6000x6000.png,20,3,2,dynamic,1,4,309,4.697766
flip-schedule-confirmation,omp-avx2,6000x6000.png,20,3,2,dynamic,1,5,312,4.705917
flip-schedule-confirmation,omp-avx2,6000x6000.png,20,3,2,dynamic,1,6,310,4.698342
flip-schedule-confirmation,omp-avx2,6000x6000.png,20,3,2,dynamic,1,7,338,4.703602
flip-schedule-confirmation,omp-avx2,6000x6000.png,20,3,2,dynamic,1,8,338,4.695933
flip-schedule-confirmation,omp-avx2,6000x6000.png,20,3,2,dynamic,1,9,339,4.701421
flip-schedule-confirmation,omp-avx2,6000x6000.png,20,3,2,dynamic,1,10,278,4.698835
flip-schedule-confirmation,omp-avx2,6000x6000.png,20,3,2,dynamic,1,11,278,4.699035
flip-schedule-confirmation,omp-avx2,6000x6000.png,20,3,2,dynamic,1,12,278,4.711838
flip-schedule-confirmation,omp-avx2,6000x6000.png,20,3,2,dynamic,1,13,275,4.706929
flip-schedule-confirmation,omp-avx2,6000x6000.png,20,3,2,dynamic,1,14,278,4.708247
flip-schedule-confirmation,omp-avx2,6000x6000.png,20,3,2,dynamic,1,15,277,4.698481
flip-schedule-confirmation,omp-avx2,6000x6000.png,20,3,2,dynamic,1,16,275,4.695058
flip-schedule-confirmation,omp-avx2,6000x6000.png,20,3,2,dynamic,1,17,280,4.709702
flip-schedule-confirmation,omp-avx2,6000x6000.png,20,3,2,dynamic,1,18,278,4.700612
flip-schedule-confirmation,omp-avx2,6000x6000.png,20,3,2,dynamic,1,19,276,4.696181
flip-schedule-confirmation,omp-avx2,6000x6000.png,20,3,3,dynamic,16,0,368,4.738333
flip-schedule-confirmation,omp-avx2,6000x6000.png,20,3,3,dynamic,16,1,304,4.711218
flip-schedule-confirmation,omp-avx2,6000x6000.png,20,3,3,dynamic,16,2,304,4.716275
flip-schedule-confirmation,omp-avx2,6000x6000.png,20,3,3,dynamic,16,3,304,4.696829
flip-schedule-confirmation,omp-avx2,6000x6000.png,20,3,3,dynamic,16,4,304,4.737603
flip-schedule-confirmation,omp-avx2,6000x6000.png,20,3,3,dynamic,16,5,304,4.723083
flip-schedule-confirmation,omp-avx2,6000x6000.png,20,3,3,dynamic,16,6,304,4.734840
flip-schedule-confirmation,omp-avx2,6000x6000.png,20,3,3,dynamic,16,7,304,4.686270
flip-schedule-confirmation,omp-avx2,6000x6000.png,20,3,3,dynamic,16,8,336,4.711613
flip-schedule-confirmation,omp-avx2,6000x6000.png,20,3,3,dynamic,16,9,336,4.707055
flip-schedule-confirmation,omp-avx2,6000x6000.png,20,3,3,dynamic,16,10,272,4.638415
flip-schedule-confirmation,omp-avx2,6000x6000.png,20,3,3,dynamic,16,11,288,4.869061
flip-schedule-confirmation,omp-avx2,6000x6000.png,20,3,3,dynamic,16,12,288,4.859932
flip-schedule-confirmation,omp-avx2,6000x6000.png,20,3,3,dynamic,16,13,288,4.860282
flip-schedule-confirmation,omp-avx2,6000x6000.png,20,3,3,dynamic,16,14,288,4.869729
flip-schedule-confirmation,omp-avx2,6000x6000.png,20,3,3,dynamic,16,15,272,4.616791
flip-schedule-confirmation,omp-avx2,6000x6000.png,20,3,3,dynamic,16,16,272,4.648387
flip-schedule-confirmation,omp-avx2,6000x6000.png,20,3,3,dynamic,16,17,288,4.849738
flip-schedule-confirmation,omp-avx2,6000x6000.png,20,3,3,dynamic,16,18,288,4.877452
flip-schedule-confirmation,omp-avx2,6000x6000.png,20,3,3,dynamic,16,19,288,4.848683
flip-schedule-confirmation,omp-avx2,6000x6000.png,20,3,4,static,1,0,300,3.860999
flip-schedule-confirmation,omp-avx2,6000x6000.png,20,3,4,static,1,1,300,4.357366
flip-schedule-confirmation,omp-avx2,6000x6000.png,20,3,4,static,1,2,300,4.244205
flip-schedule-confirmation,omp-avx2,6000x6000.png,20,3,4,static,1,3,300,4.395207
flip-schedule-confirmation,omp-avx2,6000x6000.png,20,3,4,static,1,4,300,4.360935
flip-schedule-confirmation,omp-avx2,6000x6000.png,20,3,4,static,1,5,300,4.385786
flip-schedule-confirmation,omp-avx2,6000x6000.png,20,3,4,static,1,6,300,4.376464
flip-schedule-confirmation,omp-avx2,6000x6000.png,20,3,4,static,1,7,300,4.372805
flip-schedule-confirmation,omp-avx2,6000x6000.png,20,3,4,static,1,8,300,3.843699
flip-schedule-confirmation,omp-avx2,6000x6000.png,20,3,4,static,1,9,300,3.857080
flip-schedule-confirmation,omp-avx2,6000x6000.png,20,3,4,static,1,10,300,4.864015
flip-schedule-confirmation,omp-avx2,6000x6000.png,20,3,4,static,1,11,300,4.847776
flip-schedule-confirmation,omp-avx2,6000x6000.png,20,3,4,static,1,12,300,4.845265
flip-schedule-confirmation,omp-avx2,6000x6000.png,20,3,4,static,1,13,300,4.820887
flip-schedule-confirmation,omp-avx2,6000x6000.png,20,3,4,static,1,14,300,4.815575
flip-schedule-confirmation,omp-avx2,6000x6000.png,20,3,4,static,1,15,300,4.844941
flip-schedule-confirmation,omp-avx2,6000x6000.png,20,3,4,static,1,16,300,4.822195
flip-schedule-confirmation,omp-avx2,6000x6000.png,20,3,4,static,1,17,300,4.850015
flip-schedule-confirmation,omp-avx2,6000x6000.png,20,3,4,static,1,18,300,4.861670
flip-schedule-confirmation,omp-avx2,6000x6000.png,20,3,4,static,1,19,300,4.876351
flip-schedule-confirmation,omp-avx2,6000x6000.png,20,4,0,static,16,0,304,3.922785
flip-schedule-confirmation,omp-avx2,6000x6000.png,20,4,0,static,16,1,304,3.895845
flip-schedule-confirmation,omp-avx2,6000x6000.png,20,4,0,static,16,2,304,3.899312
flip-schedule-confirmation,omp-avx2,6000x6000.png,20,4,0,static,16,3,304,3.909824
flip-schedule-confirmation,omp-avx2,6000x6000.png,20,4,0,static,16,4,304,3.897680
flip-schedule-confirmation,omp-avx2,6000x6000.png,20,4,0,static,16,5,304,3.905650
flip-schedule-confirmation,omp-avx2,6000x6000.png,20,4,0,static,16,6,304,3.901117
flip-schedule-confirmation,omp-avx2,6000x6000.png,20,4,0,static,16,7,304,3.951628
flip-schedule-confirmation,omp-avx2,6000x6000.png,20,4,0,static,16,8,304,3.902644
flip-schedule-confirmation,omp-avx2,6000x6000.png,20,4,0,static,16,9,304,3.907774
flip-schedule-confirmation,omp-avx2,6000x6000.png,20,4,0,static,16,10,304,5.212253
flip-schedule-confirmation,omp-avx2,6000x6000.png,20,4,0,static,16,11,304,5.218266
flip-schedule-confirmation,omp-avx2,6000x6000.png,20,4,0,static,16,12,304,5.238511
flip-schedule-confirmation,omp-avx2,6000x6000.png,20,4,0,static,16,13,304,5.227676
flip-schedule-confirmation,omp-avx2,6000x6000.png,20,4,0,static,16,14,304,5.215218
flip-schedule-confirmation,omp-avx2,6000x6000.png,20,4,0,static,16,15,288,4.932186
flip-schedule-confirmation,omp-avx2,6000x6000.png,20,4,0,static,16,16,288,4.980981
flip-schedule-confirmation,omp-avx2,6000x6000.png,20,4,0,static,16,17,288,4.962716
flip-schedule-confirmation,omp-avx2,6000x6000.png,20,4,0,static,16,18,288,4.970118
flip-schedule-confirmation,omp-avx2,6000x6000.png,20,4,0,static,16,19,288,4.934497
flip-schedule-confirmation,omp-avx2,6000x6000.png,20,4,1,static,,0,300,3.827959
flip-schedule-confirmation,omp-avx2,6000x6000.png,20,4,1,static,,1,300,4.617330
flip-schedule-confirmation,omp-avx2,6000x6000.png,20,4,1,static,,2,300,4.653590
flip-schedule-confirmation,omp-avx2,6000x6000.png,20,4,1,static,,3,300,4.614495
flip-schedule-confirmation,omp-avx2,6000x6000.png,20,4,1,static,,4,300,4.655287
flip-schedule-confirmation,omp-avx2,6000x6000.png,20,4,1,static,,5,300,4.615750
flip-schedule-confirmation,omp-avx2,6000x6000.png,20,4,1,static,,6,300,4.627259
flip-schedule-confirmation,omp-avx2,6000x6000.png,20,4,1,static,,7,300,4.110707
flip-schedule-confirmation,omp-avx2,6000x6000.png,20,4,1,static,,8,300,4.651960
flip-schedule-confirmation,omp-avx2,6000x6000.png,20,4,1,static,,9,300,4.619736
flip-schedule-confirmation,omp-avx2,6000x6000.png,20,4,1,static,,10,300,5.048212
flip-schedule-confirmation,omp-avx2,6000x6000.png,20,4,1,static,,11,300,5.086755
flip-schedule-confirmation,omp-avx2,6000x6000.png,20,4,1,static,,12,300,5.032094
flip-schedule-confirmation,omp-avx2,6000x6000.png,20,4,1,static,,13,300,5.061770
flip-schedule-confirmation,omp-avx2,6000x6000.png,20,4,1,static,,14,300,5.057255
flip-schedule-confirmation,omp-avx2,6000x6000.png,20,4,1,static,,15,300,5.116517
flip-schedule-confirmation,omp-avx2,6000x6000.png,20,4,1,static,,16,300,5.093947
flip-schedule-confirmation,omp-avx2,6000x6000.png,20,4,1,static,,17,300,5.122488
flip-schedule-confirmation,omp-avx2,6000x6000.png,20,4,1,static,,18,300,5.089991
flip-schedule-confirmation,omp-avx2,6000x6000.png,20,4,1,static,,19,300,5.100779
flip-schedule-confirmation,omp-avx2,6000x6000.png,20,4,2,static,1,0,300,3.846629
flip-schedule-confirmation,omp-avx2,6000x6000.png,20,4,2,static,1,1,300,4.365763
flip-schedule-confirmation,omp-avx2,6000x6000.png,20,4,2,static,1,2,300,4.372904
flip-schedule-confirmation,omp-avx2,6000x6000.png,20,4,2,static,1,3,300,4.337093
flip-schedule-confirmation,omp-avx2,6000x6000.png,20,4,2,static,1,4,300,4.373580
flip-schedule-confirmation,omp-avx2,6000x6000.png,20,4,2,static,1,5,300,4.377186
flip-schedule-confirmation,omp-avx2,6000x6000.png,20,4,2,static,1,6,300,4.379589
flip-schedule-confirmation,omp-avx2,6000x6000.png,20,4,2,static,1,7,300,4.131967
flip-schedule-confirmation,omp-avx2,6000x6000.png,20,4,2,static,1,8,300,4.390489
flip-schedule-confirmation,omp-avx2,6000x6000.png,20,4,2,static,1,9,300,4.383998
flip-schedule-confirmation,omp-avx2,6000x6000.png,20,4,2,static,1,10,300,4.873075
flip-schedule-confirmation,omp-avx2,6000x6000.png,20,4,2,static,1,11,300,4.868506
flip-schedule-confirmation,omp-avx2,6000x6000.png,20,4,2,static,1,12,300,4.862869
flip-schedule-confirmation,omp-avx2,6000x6000.png,20,4,2,static,1,13,300,4.840251
flip-schedule-confirmation,omp-avx2,6000x6000.png,20,4,2,static,1,14,300,4.849639
flip-schedule-confirmation,omp-avx2,6000x6000.png,20,4,2,static,1,15,300,4.847785
flip-schedule-confirmation,omp-avx2,6000x6000.png,20,4,2,static,1,16,300,4.814545
flip-schedule-confirmation,omp-avx2,6000x6000.png,20,4,2,static,1,17,300,4.871674
flip-schedule-confirmation,omp-avx2,6000x6000.png,20,4,2,static,1,18,300,4.874632
flip-schedule-confirmation,omp-avx2,6000x6000.png,20,4,2,static,1,19,300,4.875520
flip-schedule-confirmation,omp-avx2,6000x6000.png,20,4,3,dynamic,16,0,384,4.921971
flip-schedule-confirmation,omp-avx2,6000x6000.png,20,4,3,dynamic,16,1,304,4.718265
flip-schedule-confirmation,omp-avx2,6000x6000.png,20,4,3,dynamic,16,2,304,4.753519
flip-schedule-confirmation,omp-avx2,6000x6000.png,20,4,3,dynamic,16,3,304,4.716728
flip-schedule-confirmation,omp-avx2,6000x6000.png,20,4,3,dynamic,16,4,304,4.713656
flip-schedule-confirmation,omp-avx2,6000x6000.png,20,4,3,dynamic,16,5,304,4.738757
flip-schedule-confirmation,omp-avx2,6000x6000.png,20,4,3,dynamic,16,6,304,4.706299
flip-schedule-confirmation,omp-avx2,6000x6000.png,20,4,3,dynamic,16,7,320,4.744995
flip-schedule-confirmation,omp-avx2,6000x6000.png,20,4,3,dynamic,16,8,320,4.936205
flip-schedule-confirmation,omp-avx2,6000x6000.png,20,4,3,dynamic,16,9,304,4.736064
flip-schedule-confirmation,omp-avx2,6000x6000.png,20,4,3,dynamic,16,10,288,4.908623
flip-schedule-confirmation,omp-avx2,6000x6000.png,20,4,3,dynamic,16,11,288,4.935892
flip-schedule-confirmation,omp-avx2,6000x6000.png,20,4,3,dynamic,16,12,288,4.934164
flip-schedule-confirmation,omp-avx2,6000x6000.png,20,4,3,dynamic,16,13,288,4.919836
flip-schedule-confirmation,omp-avx2,6000x6000.png,20,4,3,dynamic,16,14,288,4.907368
flip-schedule-confirmation,omp-avx2,6000x6000.png,20,4,3,dynamic,16,15,288,4.889099
flip-schedule-confirmation,omp-avx2,6000x6000.png,20,4,3,dynamic,16,16,272,4.699215
flip-schedule-confirmation,omp-avx2,6000x6000.png,20,4,3,dynamic,16,17,288,4.948124
flip-schedule-confirmation,omp-avx2,6000x6000.png,20,4,3,dynamic,16,18,288,4.946621
flip-schedule-confirmation,omp-avx2,6000x6000.png,20,4,3,dynamic,16,19,272,4.718628
flip-schedule-confirmation,omp-avx2,6000x6000.png,20,4,4,dynamic,1,0,351,4.723787
flip-schedule-confirmation,omp-avx2,6000x6000.png,20,4,4,dynamic,1,1,310,4.667735
flip-schedule-confirmation,omp-avx2,6000x6000.png,20,4,4,dynamic,1,2,309,4.661355
flip-schedule-confirmation,omp-avx2,6000x6000.png,20,4,4,dynamic,1,3,310,4.658882
flip-schedule-confirmation,omp-avx2,6000x6000.png,20,4,4,dynamic,1,4,310,4.662687
flip-schedule-confirmation,omp-avx2,6000x6000.png,20,4,4,dynamic,1,5,310,4.663367
flip-schedule-confirmation,omp-avx2,6000x6000.png,20,4,4,dynamic,1,6,307,4.661947
flip-schedule-confirmation,omp-avx2,6000x6000.png,20,4,4,dynamic,1,7,336,4.658945
flip-schedule-confirmation,omp-avx2,6000x6000.png,20,4,4,dynamic,1,8,309,4.661240
flip-schedule-confirmation,omp-avx2,6000x6000.png,20,4,4,dynamic,1,9,308,4.665198
flip-schedule-confirmation,omp-avx2,6000x6000.png,20,4,4,dynamic,1,10,284,4.662097
flip-schedule-confirmation,omp-avx2,6000x6000.png,20,4,4,dynamic,1,11,286,4.667221
flip-schedule-confirmation,omp-avx2,6000x6000.png,20,4,4,dynamic,1,12,282,4.672043
flip-schedule-confirmation,omp-avx2,6000x6000.png,20,4,4,dynamic,1,13,282,4.662294
flip-schedule-confirmation,omp-avx2,6000x6000.png,20,4,4,dynamic,1,14,286,4.663909
flip-schedule-confirmation,omp-avx2,6000x6000.png,20,4,4,dynamic,1,15,286,4.669145
flip-schedule-confirmation,omp-avx2,6000x6000.png,20,4,4,dynamic,1,16,282,4.669027
flip-schedule-confirmation,omp-avx2,6000x6000.png,20,4,4,dynamic,1,17,284,4.674846
flip-schedule-confirmation,omp-avx2,6000x6000.png,20,4,4,dynamic,1,18,286,4.661424
flip-schedule-confirmation,omp-avx2,6000x6000.png,20,4,4,dynamic,1,19,282,4.657807
flip-schedule-confirmation,omp-avx2,6000x6000.png,20,5,0,static,,0,300,3.828647
flip-schedule-confirmation,omp-avx2,6000x6000.png,20,5,0,static,,1,300,4.634527
flip-schedule-confirmation,omp-avx2,6000x6000.png,20,5,0,static,,2,300,4.628960
flip-schedule-confirmation,omp-avx2,6000x6000.png,20,5,0,static,,3,300,4.626526
flip-schedule-confirmation,omp-avx2,6000x6000.png,20,5,0,static,,4,300,4.663652
flip-schedule-confirmation,omp-avx2,6000x6000.png,20,5,0,static,,5,300,4.610466
flip-schedule-confirmation,omp-avx2,6000x6000.png,20,5,0,static,,6,300,4.636314
flip-schedule-confirmation,omp-avx2,6000x6000.png,20,5,0,static,,7,300,4.220545
flip-schedule-confirmation,omp-avx2,6000x6000.png,20,5,0,static,,8,300,4.681541
flip-schedule-confirmation,omp-avx2,6000x6000.png,20,5,0,static,,9,300,4.651278
flip-schedule-confirmation,omp-avx2,6000x6000.png,20,5,0,static,,10,300,5.042085
flip-schedule-confirmation,omp-avx2,6000x6000.png,20,5,0,static,,11,300,5.063660
flip-schedule-confirmation,omp-avx2,6000x6000.png,20,5,0,static,,12,300,5.023165
flip-schedule-confirmation,omp-avx2,6000x6000.png,20,5,0,static,,13,300,5.036196
flip-schedule-confirmation,omp-avx2,6000x6000.png,20,5,0,static,,14,300,5.030300
flip-schedule-confirmation,omp-avx2,6000x6000.png,20,5,0,static,,15,300,5.080611
flip-schedule-confirmation,omp-avx2,6000x6000.png,20,5,0,static,,16,300,5.025206
flip-schedule-confirmation,omp-avx2,6000x6000.png,20,5,0,static,,17,300,5.103443
flip-schedule-confirmation,omp-avx2,6000x6000.png,20,5,0,static,,18,300,5.057603
flip-schedule-confirmation,omp-avx2,6000x6000.png,20,5,0,static,,19,300,5.106248
flip-schedule-confirmation,omp-avx2,6000x6000.png,20,5,1,static,16,0,304,3.889188
flip-schedule-confirmation,omp-avx2,6000x6000.png,20,5,1,static,16,1,304,4.714549
flip-schedule-confirmation,omp-avx2,6000x6000.png,20,5,1,static,16,2,304,4.708212
flip-schedule-confirmation,omp-avx2,6000x6000.png,20,5,1,static,16,3,304,4.695693
flip-schedule-confirmation,omp-avx2,6000x6000.png,20,5,1,static,16,4,304,4.690278
flip-schedule-confirmation,omp-avx2,6000x6000.png,20,5,1,static,16,5,304,4.711129
flip-schedule-confirmation,omp-avx2,6000x6000.png,20,5,1,static,16,6,304,4.744407
flip-schedule-confirmation,omp-avx2,6000x6000.png,20,5,1,static,16,7,304,4.441522
flip-schedule-confirmation,omp-avx2,6000x6000.png,20,5,1,static,16,8,304,4.714713
flip-schedule-confirmation,omp-avx2,6000x6000.png,20,5,1,static,16,9,304,4.710762
flip-schedule-confirmation,omp-avx2,6000x6000.png,20,5,1,static,16,10,304,4.440509
flip-schedule-confirmation,omp-avx2,6000x6000.png,20,5,1,static,16,11,304,5.264889
flip-schedule-confirmation,omp-avx2,6000x6000.png,20,5,1,static,16,12,304,5.306793
flip-schedule-confirmation,omp-avx2,6000x6000.png,20,5,1,static,16,13,304,5.420061
flip-schedule-confirmation,omp-avx2,6000x6000.png,20,5,1,static,16,14,304,4.434589
flip-schedule-confirmation,omp-avx2,6000x6000.png,20,5,1,static,16,15,288,5.001981
flip-schedule-confirmation,omp-avx2,6000x6000.png,20,5,1,static,16,16,288,5.038114
flip-schedule-confirmation,omp-avx2,6000x6000.png,20,5,1,static,16,17,288,5.056832
flip-schedule-confirmation,omp-avx2,6000x6000.png,20,5,1,static,16,18,288,5.048782
flip-schedule-confirmation,omp-avx2,6000x6000.png,20,5,1,static,16,19,288,4.208026
flip-schedule-confirmation,omp-avx2,6000x6000.png,20,5,2,static,1,0,300,3.814345
flip-schedule-confirmation,omp-avx2,6000x6000.png,20,5,2,static,1,1,300,4.402133
flip-schedule-confirmation,omp-avx2,6000x6000.png,20,5,2,static,1,2,300,4.382361
flip-schedule-confirmation,omp-avx2,6000x6000.png,20,5,2,static,1,3,300,4.383262
flip-schedule-confirmation,omp-avx2,6000x6000.png,20,5,2,static,1,4,300,4.355798
flip-schedule-confirmation,omp-avx2,6000x6000.png,20,5,2,static,1,5,300,4.322141
flip-schedule-confirmation,omp-avx2,6000x6000.png,20,5,2,static,1,6,300,4.386567
flip-schedule-confirmation,omp-avx2,6000x6000.png,20,5,2,static,1,7,300,4.316317
flip-schedule-confirmation,omp-avx2,6000x6000.png,20,5,2,static,1,8,300,4.376838
flip-schedule-confirmation,omp-avx2,6000x6000.png,20,5,2,static,1,9,300,4.398229
flip-schedule-confirmation,omp-avx2,6000x6000.png,20,5,2,static,1,10,300,4.875811
flip-schedule-confirmation,omp-avx2,6000x6000.png,20,5,2,static,1,11,300,4.867863
flip-schedule-confirmation,omp-avx2,6000x6000.png,20,5,2,static,1,12,300,4.868386
flip-schedule-confirmation,omp-avx2,6000x6000.png,20,5,2,static,1,13,300,4.857862
flip-schedule-confirmation,omp-avx2,6000x6000.png,20,5,2,static,1,14,300,4.838485
flip-schedule-confirmation,omp-avx2,6000x6000.png,20,5,2,static,1,15,300,4.847541
flip-schedule-confirmation,omp-avx2,6000x6000.png,20,5,2,static,1,16,300,4.843811
flip-schedule-confirmation,omp-avx2,6000x6000.png,20,5,2,static,1,17,300,4.873030
flip-schedule-confirmation,omp-avx2,6000x6000.png,20,5,2,static,1,18,300,4.858900
flip-schedule-confirmation,omp-avx2,6000x6000.png,20,5,2,static,1,19,300,4.894162
flip-schedule-confirmation,omp-avx2,6000x6000.png,20,5,3,dynamic,16,0,368,4.723489
flip-schedule-confirmation,omp-avx2,6000x6000.png,20,5,3,dynamic,16,1,304,4.711725
flip-schedule-confirmation,omp-avx2,6000x6000.png,20,5,3,dynamic,16,2,304,4.771227
flip-schedule-confirmation,omp-avx2,6000x6000.png,20,5,3,dynamic,16,3,304,4.712816
flip-schedule-confirmation,omp-avx2,6000x6000.png,20,5,3,dynamic,16,4,304,4.741278
flip-schedule-confirmation,omp-avx2,6000x6000.png,20,5,3,dynamic,16,5,304,4.720839
flip-schedule-confirmation,omp-avx2,6000x6000.png,20,5,3,dynamic,16,6,304,4.734302
flip-schedule-confirmation,omp-avx2,6000x6000.png,20,5,3,dynamic,16,7,352,4.721561
flip-schedule-confirmation,omp-avx2,6000x6000.png,20,5,3,dynamic,16,8,304,4.722200
flip-schedule-confirmation,omp-avx2,6000x6000.png,20,5,3,dynamic,16,9,304,4.715333
flip-schedule-confirmation,omp-avx2,6000x6000.png,20,5,3,dynamic,16,10,272,4.684806
flip-schedule-confirmation,omp-avx2,6000x6000.png,20,5,3,dynamic,16,11,288,5.142137
flip-schedule-confirmation,omp-avx2,6000x6000.png,20,5,3,dynamic,16,12,272,4.663445
flip-schedule-confirmation,omp-avx2,6000x6000.png,20,5,3,dynamic,16,13,288,5.128795
flip-schedule-confirmation,omp-avx2,6000x6000.png,20,5,3,dynamic,16,14,288,5.145337
flip-schedule-confirmation,omp-avx2,6000x6000.png,20,5,3,dynamic,16,15,288,5.144758
flip-schedule-confirmation,omp-avx2,6000x6000.png,20,5,3,dynamic,16,16,288,5.143639
flip-schedule-confirmation,omp-avx2,6000x6000.png,20,5,3,dynamic,16,17,288,5.159762
flip-schedule-confirmation,omp-avx2,6000x6000.png,20,5,3,dynamic,16,18,288,5.137216
flip-schedule-confirmation,omp-avx2,6000x6000.png,20,5,3,dynamic,16,19,288,5.133925
flip-schedule-confirmation,omp-avx2,6000x6000.png,20,5,4,dynamic,1,0,349,4.711300
flip-schedule-confirmation,omp-avx2,6000x6000.png,20,5,4,dynamic,1,1,308,4.662277
flip-schedule-confirmation,omp-avx2,6000x6000.png,20,5,4,dynamic,1,2,309,4.665874
flip-schedule-confirmation,omp-avx2,6000x6000.png,20,5,4,dynamic,1,3,309,4.671156
flip-schedule-confirmation,omp-avx2,6000x6000.png,20,5,4,dynamic,1,4,310,4.674440
flip-schedule-confirmation,omp-avx2,6000x6000.png,20,5,4,dynamic,1,5,324,4.672075
flip-schedule-confirmation,omp-avx2,6000x6000.png,20,5,4,dynamic,1,6,309,4.663743
flip-schedule-confirmation,omp-avx2,6000x6000.png,20,5,4,dynamic,1,7,328,4.660092
flip-schedule-confirmation,omp-avx2,6000x6000.png,20,5,4,dynamic,1,8,309,4.671648
flip-schedule-confirmation,omp-avx2,6000x6000.png,20,5,4,dynamic,1,9,310,4.668314
flip-schedule-confirmation,omp-avx2,6000x6000.png,20,5,4,dynamic,1,10,284,4.663698
flip-schedule-confirmation,omp-avx2,6000x6000.png,20,5,4,dynamic,1,11,282,4.662415
flip-schedule-confirmation,omp-avx2,6000x6000.png,20,5,4,dynamic,1,12,284,4.664816
flip-schedule-confirmation,omp-avx2,6000x6000.png,20,5,4,dynamic,1,13,284,4.661508
flip-schedule-confirmation,omp-avx2,6000x6000.png,20,5,4,dynamic,1,14,285,4.670087
flip-schedule-confirmation,omp-avx2,6000x6000.png,20,5,4,dynamic,1,15,285,4.663834
flip-schedule-confirmation,omp-avx2,6000x6000.png,20,5,4,dynamic,1,16,282,4.668362
flip-schedule-confirmation,omp-avx2,6000x6000.png,20,5,4,dynamic,1,17,282,4.668448
flip-schedule-confirmation,omp-avx2,6000x6000.png,20,5,4,dynamic,1,18,280,4.666900
flip-schedule-confirmation,omp-avx2,6000x6000.png,20,5,4,dynamic,1,19,287,4.670810
flip-schedule-confirmation,omp-avx2,6000x6000.png,20,6,0,dynamic,1,0,347,4.766995
flip-schedule-confirmation,omp-avx2,6000x6000.png,20,6,0,dynamic,1,1,311,4.705358
flip-schedule-confirmation,omp-avx2,6000x6000.png,20,6,0,dynamic,1,2,312,4.707100
flip-schedule-confirmation,omp-avx2,6000x6000.png,20,6,0,dynamic,1,3,316,4.707035
flip-schedule-confirmation,omp-avx2,6000x6000.png,20,6,0,dynamic,1,4,314,4.707031
flip-schedule-confirmation,omp-avx2,6000x6000.png,20,6,0,dynamic,1,5,316,4.704114
flip-schedule-confirmation,omp-avx2,6000x6000.png,20,6,0,dynamic,1,6,315,4.705872
flip-schedule-confirmation,omp-avx2,6000x6000.png,20,6,0,dynamic,1,7,318,4.699184
flip-schedule-confirmation,omp-avx2,6000x6000.png,20,6,0,dynamic,1,8,313,4.699931
flip-schedule-confirmation,omp-avx2,6000x6000.png,20,6,0,dynamic,1,9,312,4.709618
flip-schedule-confirmation,omp-avx2,6000x6000.png,20,6,0,dynamic,1,10,287,4.697418
flip-schedule-confirmation,omp-avx2,6000x6000.png,20,6,0,dynamic,1,11,283,4.705520
flip-schedule-confirmation,omp-avx2,6000x6000.png,20,6,0,dynamic,1,12,281,4.696419
flip-schedule-confirmation,omp-avx2,6000x6000.png,20,6,0,dynamic,1,13,279,4.705615
flip-schedule-confirmation,omp-avx2,6000x6000.png,20,6,0,dynamic,1,14,283,4.698088
flip-schedule-confirmation,omp-avx2,6000x6000.png,20,6,0,dynamic,1,15,285,4.706947
flip-schedule-confirmation,omp-avx2,6000x6000.png,20,6,0,dynamic,1,16,280,4.697878
flip-schedule-confirmation,omp-avx2,6000x6000.png,20,6,0,dynamic,1,17,284,4.700541
flip-schedule-confirmation,omp-avx2,6000x6000.png,20,6,0,dynamic,1,18,281,4.700562
flip-schedule-confirmation,omp-avx2,6000x6000.png,20,6,0,dynamic,1,19,283,4.704855
flip-schedule-confirmation,omp-avx2,6000x6000.png,20,6,1,static,16,0,304,3.878167
flip-schedule-confirmation,omp-avx2,6000x6000.png,20,6,1,static,16,1,304,4.731458
flip-schedule-confirmation,omp-avx2,6000x6000.png,20,6,1,static,16,2,304,4.693083
flip-schedule-confirmation,omp-avx2,6000x6000.png,20,6,1,static,16,3,304,4.713768
flip-schedule-confirmation,omp-avx2,6000x6000.png,20,6,1,static,16,4,304,4.737277
flip-schedule-confirmation,omp-avx2,6000x6000.png,20,6,1,static,16,5,304,4.723839
flip-schedule-confirmation,omp-avx2,6000x6000.png,20,6,1,static,16,6,304,4.714897
flip-schedule-confirmation,omp-avx2,6000x6000.png,20,6,1,static,16,7,304,4.059758
flip-schedule-confirmation,omp-avx2,6000x6000.png,20,6,1,static,16,8,304,4.698640
flip-schedule-confirmation,omp-avx2,6000x6000.png,20,6,1,static,16,9,304,4.697081
flip-schedule-confirmation,omp-avx2,6000x6000.png,20,6,1,static,16,10,304,5.183099
flip-schedule-confirmation,omp-avx2,6000x6000.png,20,6,1,static,16,11,304,5.210726
flip-schedule-confirmation,omp-avx2,6000x6000.png,20,6,1,static,16,12,304,5.203497
flip-schedule-confirmation,omp-avx2,6000x6000.png,20,6,1,static,16,13,304,5.214926
flip-schedule-confirmation,omp-avx2,6000x6000.png,20,6,1,static,16,14,304,5.227249
flip-schedule-confirmation,omp-avx2,6000x6000.png,20,6,1,static,16,15,288,4.949503
flip-schedule-confirmation,omp-avx2,6000x6000.png,20,6,1,static,16,16,288,4.983181
flip-schedule-confirmation,omp-avx2,6000x6000.png,20,6,1,static,16,17,288,4.962904
flip-schedule-confirmation,omp-avx2,6000x6000.png,20,6,1,static,16,18,288,4.952164
flip-schedule-confirmation,omp-avx2,6000x6000.png,20,6,1,static,16,19,288,4.938649
flip-schedule-confirmation,omp-avx2,6000x6000.png,20,6,2,static,,0,300,3.832718
flip-schedule-confirmation,omp-avx2,6000x6000.png,20,6,2,static,,1,300,4.639015
flip-schedule-confirmation,omp-avx2,6000x6000.png,20,6,2,static,,2,300,4.205331
flip-schedule-confirmation,omp-avx2,6000x6000.png,20,6,2,static,,3,300,4.611181
flip-schedule-confirmation,omp-avx2,6000x6000.png,20,6,2,static,,4,300,4.644135
flip-schedule-confirmation,omp-avx2,6000x6000.png,20,6,2,static,,5,300,4.618986
flip-schedule-confirmation,omp-avx2,6000x6000.png,20,6,2,static,,6,300,4.638648
flip-schedule-confirmation,omp-avx2,6000x6000.png,20,6,2,static,,7,300,4.136601
flip-schedule-confirmation,omp-avx2,6000x6000.png,20,6,2,static,,8,300,4.661331
flip-schedule-confirmation,omp-avx2,6000x6000.png,20,6,2,static,,9,300,4.620565
flip-schedule-confirmation,omp-avx2,6000x6000.png,20,6,2,static,,10,300,5.009772
flip-schedule-confirmation,omp-avx2,6000x6000.png,20,6,2,static,,11,300,5.048804
flip-schedule-confirmation,omp-avx2,6000x6000.png,20,6,2,static,,12,300,5.014695
flip-schedule-confirmation,omp-avx2,6000x6000.png,20,6,2,static,,13,300,5.075227
flip-schedule-confirmation,omp-avx2,6000x6000.png,20,6,2,static,,14,300,5.051840
flip-schedule-confirmation,omp-avx2,6000x6000.png,20,6,2,static,,15,300,5.099654
flip-schedule-confirmation,omp-avx2,6000x6000.png,20,6,2,static,,16,300,5.075784
flip-schedule-confirmation,omp-avx2,6000x6000.png,20,6,2,static,,17,300,5.098155
flip-schedule-confirmation,omp-avx2,6000x6000.png,20,6,2,static,,18,300,5.071072
flip-schedule-confirmation,omp-avx2,6000x6000.png,20,6,2,static,,19,300,5.055321
flip-schedule-confirmation,omp-avx2,6000x6000.png,20,6,3,dynamic,16,0,384,4.924797
flip-schedule-confirmation,omp-avx2,6000x6000.png,20,6,3,dynamic,16,1,304,4.718157
flip-schedule-confirmation,omp-avx2,6000x6000.png,20,6,3,dynamic,16,2,304,4.713949
flip-schedule-confirmation,omp-avx2,6000x6000.png,20,6,3,dynamic,16,3,304,4.713906
flip-schedule-confirmation,omp-avx2,6000x6000.png,20,6,3,dynamic,16,4,304,4.742801
flip-schedule-confirmation,omp-avx2,6000x6000.png,20,6,3,dynamic,16,5,304,4.729383
flip-schedule-confirmation,omp-avx2,6000x6000.png,20,6,3,dynamic,16,6,304,4.722418
flip-schedule-confirmation,omp-avx2,6000x6000.png,20,6,3,dynamic,16,7,336,4.775021
flip-schedule-confirmation,omp-avx2,6000x6000.png,20,6,3,dynamic,16,8,304,4.698914
flip-schedule-confirmation,omp-avx2,6000x6000.png,20,6,3,dynamic,16,9,304,4.740691
flip-schedule-confirmation,omp-avx2,6000x6000.png,20,6,3,dynamic,16,10,288,4.904741
flip-schedule-confirmation,omp-avx2,6000x6000.png,20,6,3,dynamic,16,11,288,4.914641
flip-schedule-confirmation,omp-avx2,6000x6000.png,20,6,3,dynamic,16,12,288,4.902449
flip-schedule-confirmation,omp-avx2,6000x6000.png,20,6,3,dynamic,16,13,288,4.913613
flip-schedule-confirmation,omp-avx2,6000x6000.png,20,6,3,dynamic,16,14,288,4.903575
flip-schedule-confirmation,omp-avx2,6000x6000.png,20,6,3,dynamic,16,15,288,4.914379
flip-schedule-confirmation,omp-avx2,6000x6000.png,20,6,3,dynamic,16,16,288,4.904216
flip-schedule-confirmation,omp-avx2,6000x6000.png,20,6,3,dynamic,16,17,272,4.675241
flip-schedule-confirmation,omp-avx2,6000x6000.png,20,6,3,dynamic,16,18,272,4.672417
flip-schedule-confirmation,omp-avx2,6000x6000.png,20,6,3,dynamic,16,19,288,4.910059
flip-schedule-confirmation,omp-avx2,6000x6000.png,20,6,4,static,1,0,300,3.826190
flip-schedule-confirmation,omp-avx2,6000x6000.png,20,6,4,static,1,1,300,4.413718
flip-schedule-confirmation,omp-avx2,6000x6000.png,20,6,4,static,1,2,300,4.414966
flip-schedule-confirmation,omp-avx2,6000x6000.png,20,6,4,static,1,3,300,4.398877
flip-schedule-confirmation,omp-avx2,6000x6000.png,20,6,4,static,1,4,300,4.391339
flip-schedule-confirmation,omp-avx2,6000x6000.png,20,6,4,static,1,5,300,4.375096
flip-schedule-confirmation,omp-avx2,6000x6000.png,20,6,4,static,1,6,300,4.406497
flip-schedule-confirmation,omp-avx2,6000x6000.png,20,6,4,static,1,7,300,4.345123
flip-schedule-confirmation,omp-avx2,6000x6000.png,20,6,4,static,1,8,300,4.002014
flip-schedule-confirmation,omp-avx2,6000x6000.png,20,6,4,static,1,9,300,4.402250
flip-schedule-confirmation,omp-avx2,6000x6000.png,20,6,4,static,1,10,300,4.733697
flip-schedule-confirmation,omp-avx2,6000x6000.png,20,6,4,static,1,11,300,4.723078
flip-schedule-confirmation,omp-avx2,6000x6000.png,20,6,4,static,1,12,300,4.688881
flip-schedule-confirmation,omp-avx2,6000x6000.png,20,6,4,static,1,13,300,4.646432
flip-schedule-confirmation,omp-avx2,6000x6000.png,20,6,4,static,1,14,300,4.655538
flip-schedule-confirmation,omp-avx2,6000x6000.png,20,6,4,static,1,15,300,4.680159
flip-schedule-confirmation,omp-avx2,6000x6000.png,20,6,4,static,1,16,300,4.666500
flip-schedule-confirmation,omp-avx2,6000x6000.png,20,6,4,static,1,17,300,4.700912
flip-schedule-confirmation,omp-avx2,6000x6000.png,20,6,4,static,1,18,300,4.706459
flip-schedule-confirmation,omp-avx2,6000x6000.png,20,6,4,static,1,19,300,4.723875
flip-schedule-confirmation,omp-avx2,6000x6000.png,20,7,0,dynamic,1,0,349,4.728487
flip-schedule-confirmation,omp-avx2,6000x6000.png,20,7,0,dynamic,1,1,333,4.680814
flip-schedule-confirmation,omp-avx2,6000x6000.png,20,7,0,dynamic,1,2,308,4.675841
flip-schedule-confirmation,omp-avx2,6000x6000.png,20,7,0,dynamic,1,3,331,4.673185
flip-schedule-confirmation,omp-avx2,6000x6000.png,20,7,0,dynamic,1,4,312,4.682040
flip-schedule-confirmation,omp-avx2,6000x6000.png,20,7,0,dynamic,1,5,306,4.674461
flip-schedule-confirmation,omp-avx2,6000x6000.png,20,7,0,dynamic,1,6,309,4.683115
flip-schedule-confirmation,omp-avx2,6000x6000.png,20,7,0,dynamic,1,7,333,4.685760
flip-schedule-confirmation,omp-avx2,6000x6000.png,20,7,0,dynamic,1,8,310,4.683169
flip-schedule-confirmation,omp-avx2,6000x6000.png,20,7,0,dynamic,1,9,311,4.675526
flip-schedule-confirmation,omp-avx2,6000x6000.png,20,7,0,dynamic,1,10,277,4.687181
flip-schedule-confirmation,omp-avx2,6000x6000.png,20,7,0,dynamic,1,11,274,4.682424
flip-schedule-confirmation,omp-avx2,6000x6000.png,20,7,0,dynamic,1,12,278,4.686534
flip-schedule-confirmation,omp-avx2,6000x6000.png,20,7,0,dynamic,1,13,278,4.686870
flip-schedule-confirmation,omp-avx2,6000x6000.png,20,7,0,dynamic,1,14,304,4.683146
flip-schedule-confirmation,omp-avx2,6000x6000.png,20,7,0,dynamic,1,15,272,4.687145
flip-schedule-confirmation,omp-avx2,6000x6000.png,20,7,0,dynamic,1,16,279,4.679574
flip-schedule-confirmation,omp-avx2,6000x6000.png,20,7,0,dynamic,1,17,277,4.676631
flip-schedule-confirmation,omp-avx2,6000x6000.png,20,7,0,dynamic,1,18,278,4.679371
flip-schedule-confirmation,omp-avx2,6000x6000.png,20,7,0,dynamic,1,19,281,4.676955
flip-schedule-confirmation,omp-avx2,6000x6000.png,20,7,1,dynamic,16,0,384,4.917694
flip-schedule-confirmation,omp-avx2,6000x6000.png,20,7,1,dynamic,16,1,304,4.722644
flip-schedule-confirmation,omp-avx2,6000x6000.png,20,7,1,dynamic,16,2,320,4.943851
flip-schedule-confirmation,omp-avx2,6000x6000.png,20,7,1,dynamic,16,3,320,4.954923
flip-schedule-confirmation,omp-avx2,6000x6000.png,20,7,1,dynamic,16,4,320,4.948203
flip-schedule-confirmation,omp-avx2,6000x6000.png,20,7,1,dynamic,16,5,320,4.943926
flip-schedule-confirmation,omp-avx2,6000x6000.png,20,7,1,dynamic,16,6,320,4.951850
flip-schedule-confirmation,omp-avx2,6000x6000.png,20,7,1,dynamic,16,7,336,4.771177
flip-schedule-confirmation,omp-avx2,6000x6000.png,20,7,1,dynamic,16,8,320,4.925745
flip-schedule-confirmation,omp-avx2,6000x6000.png,20,7,1,dynamic,16,9,320,4.943179
flip-schedule-confirmation,omp-avx2,6000x6000.png,20,7,1,dynamic,16,10,272,4.739679
flip-schedule-confirmation,omp-avx2,6000x6000.png,20,7,1,dynamic,16,11,272,4.742404
flip-schedule-confirmation,omp-avx2,6000x6000.png,20,7,1,dynamic,16,12,272,4.725339
flip-schedule-confirmation,omp-avx2,6000x6000.png,20,7,1,dynamic,16,13,272,4.730478
flip-schedule-confirmation,omp-avx2,6000x6000.png,20,7,1,dynamic,16,14,272,4.740048
flip-schedule-confirmation,omp-avx2,6000x6000.png,20,7,1,dynamic,16,15,288,4.948122
flip-schedule-confirmation,omp-avx2,6000x6000.png,20,7,1,dynamic,16,16,272,4.735872
flip-schedule-confirmation,omp-avx2,6000x6000.png,20,7,1,dynamic,16,17,272,4.750533
flip-schedule-confirmation,omp-avx2,6000x6000.png,20,7,1,dynamic,16,18,272,4.762234
flip-schedule-confirmation,omp-avx2,6000x6000.png,20,7,1,dynamic,16,19,272,4.756281
flip-schedule-confirmation,omp-avx2,6000x6000.png,20,7,2,static,,0,300,3.850080
flip-schedule-confirmation,omp-avx2,6000x6000.png,20,7,2,static,,1,300,4.625617
flip-schedule-confirmation,omp-avx2,6000x6000.png,20,7,2,static,,2,300,4.645733
flip-schedule-confirmation,omp-avx2,6000x6000.png,20,7,2,static,,3,300,4.605381
flip-schedule-confirmation,omp-avx2,6000x6000.png,20,7,2,static,,4,300,4.652068
flip-schedule-confirmation,omp-avx2,6000x6000.png,20,7,2,static,,5,300,4.619371
flip-schedule-confirmation,omp-avx2,6000x6000.png,20,7,2,static,,6,300,4.640471
flip-schedule-confirmation,omp-avx2,6000x6000.png,20,7,2,static,,7,300,4.457939
flip-schedule-confirmation,omp-avx2,6000x6000.png,20,7,2,static,,8,300,4.695745
flip-schedule-confirmation,omp-avx2,6000x6000.png,20,7,2,static,,9,300,4.614364
flip-schedule-confirmation,omp-avx2,6000x6000.png,20,7,2,static,,10,300,5.088184
flip-schedule-confirmation,omp-avx2,6000x6000.png,20,7,2,static,,11,300,5.107304
flip-schedule-confirmation,omp-avx2,6000x6000.png,20,7,2,static,,12,300,5.089773
flip-schedule-confirmation,omp-avx2,6000x6000.png,20,7,2,static,,13,300,5.123755
flip-schedule-confirmation,omp-avx2,6000x6000.png,20,7,2,static,,14,300,5.089801
flip-schedule-confirmation,omp-avx2,6000x6000.png,20,7,2,static,,15,300,5.157145
flip-schedule-confirmation,omp-avx2,6000x6000.png,20,7,2,static,,16,300,5.140016
flip-schedule-confirmation,omp-avx2,6000x6000.png,20,7,2,static,,17,300,5.160423
flip-schedule-confirmation,omp-avx2,6000x6000.png,20,7,2,static,,18,300,5.126692
flip-schedule-confirmation,omp-avx2,6000x6000.png,20,7,2,static,,19,300,5.147336
flip-schedule-confirmation,omp-avx2,6000x6000.png,20,7,3,static,1,0,300,3.845304
flip-schedule-confirmation,omp-avx2,6000x6000.png,20,7,3,static,1,1,300,4.385205
flip-schedule-confirmation,omp-avx2,6000x6000.png,20,7,3,static,1,2,300,4.381424
flip-schedule-confirmation,omp-avx2,6000x6000.png,20,7,3,static,1,3,300,4.365085
flip-schedule-confirmation,omp-avx2,6000x6000.png,20,7,3,static,1,4,300,4.361389
flip-schedule-confirmation,omp-avx2,6000x6000.png,20,7,3,static,1,5,300,4.370503
flip-schedule-confirmation,omp-avx2,6000x6000.png,20,7,3,static,1,6,300,4.370404
flip-schedule-confirmation,omp-avx2,6000x6000.png,20,7,3,static,1,7,300,3.944492
flip-schedule-confirmation,omp-avx2,6000x6000.png,20,7,3,static,1,8,300,4.387813
flip-schedule-confirmation,omp-avx2,6000x6000.png,20,7,3,static,1,9,300,4.395224
flip-schedule-confirmation,omp-avx2,6000x6000.png,20,7,3,static,1,10,300,4.778948
flip-schedule-confirmation,omp-avx2,6000x6000.png,20,7,3,static,1,11,300,4.687909
flip-schedule-confirmation,omp-avx2,6000x6000.png,20,7,3,static,1,12,300,4.765635
flip-schedule-confirmation,omp-avx2,6000x6000.png,20,7,3,static,1,13,300,4.747655
flip-schedule-confirmation,omp-avx2,6000x6000.png,20,7,3,static,1,14,300,4.746843
flip-schedule-confirmation,omp-avx2,6000x6000.png,20,7,3,static,1,15,300,4.711073
flip-schedule-confirmation,omp-avx2,6000x6000.png,20,7,3,static,1,16,300,4.735727
flip-schedule-confirmation,omp-avx2,6000x6000.png,20,7,3,static,1,17,300,4.749611
flip-schedule-confirmation,omp-avx2,6000x6000.png,20,7,3,static,1,18,300,4.773408
flip-schedule-confirmation,omp-avx2,6000x6000.png,20,7,3,static,1,19,300,4.769431
flip-schedule-confirmation,omp-avx2,6000x6000.png,20,7,4,static,16,0,304,3.866443
flip-schedule-confirmation,omp-avx2,6000x6000.png,20,7,4,static,16,1,304,4.683401
flip-schedule-confirmation,omp-avx2,6000x6000.png,20,7,4,static,16,2,304,4.690602
flip-schedule-confirmation,omp-avx2,6000x6000.png,20,7,4,static,16,3,304,4.688753
flip-schedule-confirmation,omp-avx2,6000x6000.png,20,7,4,static,16,4,304,4.691586
flip-schedule-confirmation,omp-avx2,6000x6000.png,20,7,4,static,16,5,304,4.689669
flip-schedule-confirmation,omp-avx2,6000x6000.png,20,7,4,static,16,6,304,4.710902
flip-schedule-confirmation,omp-avx2,6000x6000.png,20,7,4,static,16,7,304,4.213467
flip-schedule-confirmation,omp-avx2,6000x6000.png,20,7,4,static,16,8,304,4.692547
flip-schedule-confirmation,omp-avx2,6000x6000.png,20,7,4,static,16,9,304,4.717557
flip-schedule-confirmation,omp-avx2,6000x6000.png,20,7,4,static,16,10,304,5.165802
flip-schedule-confirmation,omp-avx2,6000x6000.png,20,7,4,static,16,11,304,5.159726
flip-schedule-confirmation,omp-avx2,6000x6000.png,20,7,4,static,16,12,304,5.214272
flip-schedule-confirmation,omp-avx2,6000x6000.png,20,7,4,static,16,13,304,5.222952
flip-schedule-confirmation,omp-avx2,6000x6000.png,20,7,4,static,16,14,304,5.186724
flip-schedule-confirmation,omp-avx2,6000x6000.png,20,7,4,static,16,15,288,4.922291
flip-schedule-confirmation,omp-avx2,6000x6000.png,20,7,4,static,16,16,288,4.948655
flip-schedule-confirmation,omp-avx2,6000x6000.png,20,7,4,static,16,17,288,4.940091
flip-schedule-confirmation,omp-avx2,6000x6000.png,20,7,4,static,16,18,288,4.948728
flip-schedule-confirmation,omp-avx2,6000x6000.png,20,7,4,static,16,19,288,4.901040
flip-schedule-confirmation,omp-avx2,6000x6000.png,20,8,0,dynamic,16,0,384,4.908029
flip-schedule-confirmation,omp-avx2,6000x6000.png,20,8,0,dynamic,16,1,304,4.716575
flip-schedule-confirmation,omp-avx2,6000x6000.png,20,8,0,dynamic,16,2,304,4.748499
flip-schedule-confirmation,omp-avx2,6000x6000.png,20,8,0,dynamic,16,3,304,4.714206
flip-schedule-confirmation,omp-avx2,6000x6000.png,20,8,0,dynamic,16,4,304,4.721755
flip-schedule-confirmation,omp-avx2,6000x6000.png,20,8,0,dynamic,16,5,304,4.716866
flip-schedule-confirmation,omp-avx2,6000x6000.png,20,8,0,dynamic,16,6,304,4.723616
flip-schedule-confirmation,omp-avx2,6000x6000.png,20,8,0,dynamic,16,7,336,4.790002
flip-schedule-confirmation,omp-avx2,6000x6000.png,20,8,0,dynamic,16,8,304,4.698418
flip-schedule-confirmation,omp-avx2,6000x6000.png,20,8,0,dynamic,16,9,304,4.741840
flip-schedule-confirmation,omp-avx2,6000x6000.png,20,8,0,dynamic,16,10,288,4.884556
flip-schedule-confirmation,omp-avx2,6000x6000.png,20,8,0,dynamic,16,11,288,4.890578
flip-schedule-confirmation,omp-avx2,6000x6000.png,20,8,0,dynamic,16,12,288,4.877122
flip-schedule-confirmation,omp-avx2,6000x6000.png,20,8,0,dynamic,16,13,288,4.874947
flip-schedule-confirmation,omp-avx2,6000x6000.png,20,8,0,dynamic,16,14,288,4.881948
flip-schedule-confirmation,omp-avx2,6000x6000.png,20,8,0,dynamic,16,15,288,4.903471
flip-schedule-confirmation,omp-avx2,6000x6000.png,20,8,0,dynamic,16,16,272,4.667114
flip-schedule-confirmation,omp-avx2,6000x6000.png,20,8,0,dynamic,16,17,272,4.670311
flip-schedule-confirmation,omp-avx2,6000x6000.png,20,8,0,dynamic,16,18,288,4.902791
flip-schedule-confirmation,omp-avx2,6000x6000.png,20,8,0,dynamic,16,19,288,4.907774
flip-schedule-confirmation,omp-avx2,6000x6000.png,20,8,1,static,16,0,304,3.878083
flip-schedule-confirmation,omp-avx2,6000x6000.png,20,8,1,static,16,1,304,4.704870
flip-schedule-confirmation,omp-avx2,6000x6000.png,20,8,1,static,16,2,304,4.739493
flip-schedule-confirmation,omp-avx2,6000x6000.png,20,8,1,static,16,3,304,4.704900
flip-schedule-confirmation,omp-avx2,6000x6000.png,20,8,1,static,16,4,304,4.742354
flip-schedule-confirmation,omp-avx2,6000x6000.png,20,8,1,static,16,5,304,4.703892
flip-schedule-confirmation,omp-avx2,6000x6000.png,20,8,1,static,16,6,304,4.680552
flip-schedule-confirmation,omp-avx2,6000x6000.png,20,8,1,static,16,7,304,3.891595
flip-schedule-confirmation,omp-avx2,6000x6000.png,20,8,1,static,16,8,304,4.716616
flip-schedule-confirmation,omp-avx2,6000x6000.png,20,8,1,static,16,9,304,4.722325
flip-schedule-confirmation,omp-avx2,6000x6000.png,20,8,1,static,16,10,304,5.145622
flip-schedule-confirmation,omp-avx2,6000x6000.png,20,8,1,static,16,11,304,5.115211
flip-schedule-confirmation,omp-avx2,6000x6000.png,20,8,1,static,16,12,304,5.142827
flip-schedule-confirmation,omp-avx2,6000x6000.png,20,8,1,static,16,13,304,5.163258
flip-schedule-confirmation,omp-avx2,6000x6000.png,20,8,1,static,16,14,304,5.149394
flip-schedule-confirmation,omp-avx2,6000x6000.png,20,8,1,static,16,15,288,4.866770
flip-schedule-confirmation,omp-avx2,6000x6000.png,20,8,1,static,16,16,288,4.889773
flip-schedule-confirmation,omp-avx2,6000x6000.png,20,8,1,static,16,17,288,4.905742
flip-schedule-confirmation,omp-avx2,6000x6000.png,20,8,1,static,16,18,288,4.875295
flip-schedule-confirmation,omp-avx2,6000x6000.png,20,8,1,static,16,19,288,4.841115
flip-schedule-confirmation,omp-avx2,6000x6000.png,20,8,2,static,1,0,300,3.843877
flip-schedule-confirmation,omp-avx2,6000x6000.png,20,8,2,static,1,1,300,4.386362
flip-schedule-confirmation,omp-avx2,6000x6000.png,20,8,2,static,1,2,300,4.389195
flip-schedule-confirmation,omp-avx2,6000x6000.png,20,8,2,static,1,3,300,4.375495
flip-schedule-confirmation,omp-avx2,6000x6000.png,20,8,2,static,1,4,300,4.371680
flip-schedule-confirmation,omp-avx2,6000x6000.png,20,8,2,static,1,5,300,4.369278
flip-schedule-confirmation,omp-avx2,6000x6000.png,20,8,2,static,1,6,300,4.366178
flip-schedule-confirmation,omp-avx2,6000x6000.png,20,8,2,static,1,7,300,3.974820
flip-schedule-confirmation,omp-avx2,6000x6000.png,20,8,2,static,1,8,300,4.383195
flip-schedule-confirmation,omp-avx2,6000x6000.png,20,8,2,static,1,9,300,4.394170
flip-schedule-confirmation,omp-avx2,6000x6000.png,20,8,2,static,1,10,300,4.726354
flip-schedule-confirmation,omp-avx2,6000x6000.png,20,8,2,static,1,11,300,4.686937
flip-schedule-confirmation,omp-avx2,6000x6000.png,20,8,2,static,1,12,300,4.690111
flip-schedule-confirmation,omp-avx2,6000x6000.png,20,8,2,static,1,13,300,4.690232
flip-schedule-confirmation,omp-avx2,6000x6000.png,20,8,2,static,1,14,300,4.693862
flip-schedule-confirmation,omp-avx2,6000x6000.png,20,8,2,static,1,15,300,4.636673
flip-schedule-confirmation,omp-avx2,6000x6000.png,20,8,2,static,1,16,300,4.714211
flip-schedule-confirmation,omp-avx2,6000x6000.png,20,8,2,static,1,17,300,4.718844
flip-schedule-confirmation,omp-avx2,6000x6000.png,20,8,2,static,1,18,300,4.649488
flip-schedule-confirmation,omp-avx2,6000x6000.png,20,8,2,static,1,19,300,4.721871
flip-schedule-confirmation,omp-avx2,6000x6000.png,20,8,3,dynamic,1,0,357,4.781362
flip-schedule-confirmation,omp-avx2,6000x6000.png,20,8,3,dynamic,1,1,314,4.725110
flip-schedule-confirmation,omp-avx2,6000x6000.png,20,8,3,dynamic,1,2,308,4.734557
flip-schedule-confirmation,omp-avx2,6000x6000.png,20,8,3,dynamic,1,3,315,4.728671
flip-schedule-confirmation,omp-avx2,6000x6000.png,20,8,3,dynamic,1,4,316,4.722716
flip-schedule-confirmation,omp-avx2,6000x6000.png,20,8,3,dynamic,1,5,313,4.735820
flip-schedule-confirmation,omp-avx2,6000x6000.png,20,8,3,dynamic,1,6,313,4.722644
flip-schedule-confirmation,omp-avx2,6000x6000.png,20,8,3,dynamic,1,7,332,4.729895
flip-schedule-confirmation,omp-avx2,6000x6000.png,20,8,3,dynamic,1,8,313,4.722752
flip-schedule-confirmation,omp-avx2,6000x6000.png,20,8,3,dynamic,1,9,315,4.728673
flip-schedule-confirmation,omp-avx2,6000x6000.png,20,8,3,dynamic,1,10,278,4.733631
flip-schedule-confirmation,omp-avx2,6000x6000.png,20,8,3,dynamic,1,11,281,4.726650
flip-schedule-confirmation,omp-avx2,6000x6000.png,20,8,3,dynamic,1,12,281,4.721865
flip-schedule-confirmation,omp-avx2,6000x6000.png,20,8,3,dynamic,1,13,280,4.730951
flip-schedule-confirmation,omp-avx2,6000x6000.png,20,8,3,dynamic,1,14,282,4.724175
flip-schedule-confirmation,omp-avx2,6000x6000.png,20,8,3,dynamic,1,15,282,4.721342
flip-schedule-confirmation,omp-avx2,6000x6000.png,20,8,3,dynamic,1,16,284,4.735004
flip-schedule-confirmation,omp-avx2,6000x6000.png,20,8,3,dynamic,1,17,281,4.730362
flip-schedule-confirmation,omp-avx2,6000x6000.png,20,8,3,dynamic,1,18,274,4.723944
flip-schedule-confirmation,omp-avx2,6000x6000.png,20,8,3,dynamic,1,19,281,4.725818
flip-schedule-confirmation,omp-avx2,6000x6000.png,20,8,4,static,,0,300,3.856830
flip-schedule-confirmation,omp-avx2,6000x6000.png,20,8,4,static,,1,300,4.633754
flip-schedule-confirmation,omp-avx2,6000x6000.png,20,8,4,static,,2,300,4.651600
flip-schedule-confirmation,omp-avx2,6000x6000.png,20,8,4,static,,3,300,4.630610
flip-schedule-confirmation,omp-avx2,6000x6000.png,20,8,4,static,,4,300,4.652822
flip-schedule-confirmation,omp-avx2,6000x6000.png,20,8,4,static,,5,300,4.611433
flip-schedule-confirmation,omp-avx2,6000x6000.png,20,8,4,static,,6,300,4.644727
flip-schedule-confirmation,omp-avx2,6000x6000.png,20,8,4,static,,7,300,4.480554
flip-schedule-confirmation,omp-avx2,6000x6000.png,20,8,4,static,,8,300,4.677698
flip-schedule-confirmation,omp-avx2,6000x6000.png,20,8,4,static,,9,300,4.616365
flip-schedule-confirmation,omp-avx2,6000x6000.png,20,8,4,static,,10,300,5.055869
flip-schedule-confirmation,omp-avx2,6000x6000.png,20,8,4,static,,11,300,5.114349
flip-schedule-confirmation,omp-avx2,6000x6000.png,20,8,4,static,,12,300,5.051535
flip-schedule-confirmation,omp-avx2,6000x6000.png,20,8,4,static,,13,300,5.094716
flip-schedule-confirmation,omp-avx2,6000x6000.png,20,8,4,static,,14,300,5.087059
flip-schedule-confirmation,omp-avx2,6000x6000.png,20,8,4,static,,15,300,5.152170
flip-schedule-confirmation,omp-avx2,6000x6000.png,20,8,4,static,,16,300,5.121708
flip-schedule-confirmation,omp-avx2,6000x6000.png,20,8,4,static,,17,300,5.141316
flip-schedule-confirmation,omp-avx2,6000x6000.png,20,8,4,static,,18,300,5.105417
flip-schedule-confirmation,omp-avx2,6000x6000.png,20,8,4,static,,19,300,5.110936
flip-schedule-confirmation,omp-avx2,6000x6000.png,20,9,0,dynamic,16,0,352,4.805878
flip-schedule-confirmation,omp-avx2,6000x6000.png,20,9,0,dynamic,16,1,320,4.822483
flip-schedule-confirmation,omp-avx2,6000x6000.png,20,9,0,dynamic,16,2,320,4.801905
flip-schedule-confirmation,omp-avx2,6000x6000.png,20,9,0,dynamic,16,3,320,4.786747
flip-schedule-confirmation,omp-avx2,6000x6000.png,20,9,0,dynamic,16,4,320,4.822465
flip-schedule-confirmation,omp-avx2,6000x6000.png,20,9,0,dynamic,16,5,320,4.791280
flip-schedule-confirmation,omp-avx2,6000x6000.png,20,9,0,dynamic,16,6,320,4.823448
flip-schedule-confirmation,omp-avx2,6000x6000.png,20,9,0,dynamic,16,7,336,4.741788
flip-schedule-confirmation,omp-avx2,6000x6000.png,20,9,0,dynamic,16,8,320,4.819689
flip-schedule-confirmation,omp-avx2,6000x6000.png,20,9,0,dynamic,16,9,320,4.820215
flip-schedule-confirmation,omp-avx2,6000x6000.png,20,9,0,dynamic,16,10,288,4.911169
flip-schedule-confirmation,omp-avx2,6000x6000.png,20,9,0,dynamic,16,11,272,4.721098
flip-schedule-confirmation,omp-avx2,6000x6000.png,20,9,0,dynamic,16,12,272,4.764073
flip-schedule-confirmation,omp-avx2,6000x6000.png,20,9,0,dynamic,16,13,272,4.740801
flip-schedule-confirmation,omp-avx2,6000x6000.png,20,9,0,dynamic,16,14,288,4.910318
flip-schedule-confirmation,omp-avx2,6000x6000.png,20,9,0,dynamic,16,15,272,4.715480
flip-schedule-confirmation,omp-avx2,6000x6000.png,20,9,0,dynamic,16,16,272,4.711945
flip-schedule-confirmation,omp-avx2,6000x6000.png,20,9,0,dynamic,16,17,272,4.711676
flip-schedule-confirmation,omp-avx2,6000x6000.png,20,9,0,dynamic,16,18,272,4.716454
flip-schedule-confirmation,omp-avx2,6000x6000.png,20,9,0,dynamic,16,19,272,4.737310
flip-schedule-confirmation,omp-avx2,6000x6000.png,20,9,1,static,1,0,300,3.827900
flip-schedule-confirmation,omp-avx2,6000x6000.png,20,9,1,static,1,1,300,4.388727
flip-schedule-confirmation,omp-avx2,6000x6000.png,20,9,1,static,1,2,300,4.383387
flip-schedule-confirmation,omp-avx2,6000x6000.png,20,9,1,static,1,3,300,4.373774
flip-schedule-confirmation,omp-avx2,6000x6000.png,20,9,1,static,1,4,300,4.364802
flip-schedule-confirmation,omp-avx2,6000x6000.png,20,9,1,static,1,5,300,4.361220
flip-schedule-confirmation,omp-avx2,6000x6000.png,20,9,1,static,1,6,300,4.376376
flip-schedule-confirmation,omp-avx2,6000x6000.png,20,9,1,static,1,7,300,4.048007
flip-schedule-confirmation,omp-avx2,6000x6000.png,20,9,1,static,1,8,300,4.387632
flip-schedule-confirmation,omp-avx2,6000x6000.png,20,9,1,static,1,9,300,4.396031
flip-schedule-confirmation,omp-avx2,6000x6000.png,20,9,1,static,1,10,300,4.711933
flip-schedule-confirmation,omp-avx2,6000x6000.png,20,9,1,static,1,11,300,4.700184
flip-schedule-confirmation,omp-avx2,6000x6000.png,20,9,1,static,1,12,300,4.693557
flip-schedule-confirmation,omp-avx2,6000x6000.png,20,9,1,static,1,13,300,4.688594
flip-schedule-confirmation,omp-avx2,6000x6000.png,20,9,1,static,1,14,300,4.677283
flip-schedule-confirmation,omp-avx2,6000x6000.png,20,9,1,static,1,15,300,4.682550
flip-schedule-confirmation,omp-avx2,6000x6000.png,20,9,1,static,1,16,300,4.692078
flip-schedule-confirmation,omp-avx2,6000x6000.png,20,9,1,static,1,17,300,4.639978
flip-schedule-confirmation,omp-avx2,6000x6000.png,20,9,1,static,1,18,300,4.669996
flip-schedule-confirmation,omp-avx2,6000x6000.png,20,9,1,static,1,19,300,4.710685
flip-schedule-confirmation,omp-avx2,6000x6000.png,20,9,2,static,,0,300,3.841020
flip-schedule-confirmation,omp-avx2,6000x6000.png,20,9,2,static,,1,300,4.645769
flip-schedule-confirmation,omp-avx2,6000x6000.png,20,9,2,static,,2,300,4.660884
flip-schedule-confirmation,omp-avx2,6000x6000.png,20,9,2,static,,3,300,4.619611
flip-schedule-confirmation,omp-avx2,6000x6000.png,20,9,2,static,,4,300,4.653966
flip-schedule-confirmation,omp-avx2,6000x6000.png,20,9,2,static,,5,300,4.613496
flip-schedule-confirmation,omp-avx2,6000x6000.png,20,9,2,static,,6,300,4.653573
flip-schedule-confirmation,omp-avx2,6000x6000.png,20,9,2,static,,7,300,4.403984
flip-schedule-confirmation,omp-avx2,6000x6000.png,20,9,2,static,,8,300,4.649635
flip-schedule-confirmation,omp-avx2,6000x6000.png,20,9,2,static,,9,300,4.621340
flip-schedule-confirmation,omp-avx2,6000x6000.png,20,9,2,static,,10,300,5.023025
flip-schedule-confirmation,omp-avx2,6000x6000.png,20,9,2,static,,11,300,5.027462
flip-schedule-confirmation,omp-avx2,6000x6000.png,20,9,2,static,,12,300,4.990449
flip-schedule-confirmation,omp-avx2,6000x6000.png,20,9,2,static,,13,300,5.043466
flip-schedule-confirmation,omp-avx2,6000x6000.png,20,9,2,static,,14,300,5.012758
flip-schedule-confirmation,omp-avx2,6000x6000.png,20,9,2,static,,15,300,5.084600
flip-schedule-confirmation,omp-avx2,6000x6000.png,20,9,2,static,,16,300,5.044572
flip-schedule-confirmation,omp-avx2,6000x6000.png,20,9,2,static,,17,300,5.086262
flip-schedule-confirmation,omp-avx2,6000x6000.png,20,9,2,static,,18,300,5.080238
flip-schedule-confirmation,omp-avx2,6000x6000.png,20,9,2,static,,19,300,5.047230
flip-schedule-confirmation,omp-avx2,6000x6000.png,20,9,3,static,16,0,304,3.893878
flip-schedule-confirmation,omp-avx2,6000x6000.png,20,9,3,static,16,1,304,4.762176
flip-schedule-confirmation,omp-avx2,6000x6000.png,20,9,3,static,16,2,304,4.744811
flip-schedule-confirmation,omp-avx2,6000x6000.png,20,9,3,static,16,3,304,4.752584
flip-schedule-confirmation,omp-avx2,6000x6000.png,20,9,3,static,16,4,304,4.764307
flip-schedule-confirmation,omp-avx2,6000x6000.png,20,9,3,static,16,5,304,4.759653
flip-schedule-confirmation,omp-avx2,6000x6000.png,20,9,3,static,16,6,304,4.756931
flip-schedule-confirmation,omp-avx2,6000x6000.png,20,9,3,static,16,7,304,3.957858
flip-schedule-confirmation,omp-avx2,6000x6000.png,20,9,3,static,16,8,304,4.753483
flip-schedule-confirmation,omp-avx2,6000x6000.png,20,9,3,static,16,9,304,4.772533
flip-schedule-confirmation,omp-avx2,6000x6000.png,20,9,3,static,16,10,304,5.296445
flip-schedule-confirmation,omp-avx2,6000x6000.png,20,9,3,static,16,11,304,5.297648
flip-schedule-confirmation,omp-avx2,6000x6000.png,20,9,3,static,16,12,304,5.318889
flip-schedule-confirmation,omp-avx2,6000x6000.png,20,9,3,static,16,13,304,5.315341
flip-schedule-confirmation,omp-avx2,6000x6000.png,20,9,3,static,16,14,304,5.322341
flip-schedule-confirmation,omp-avx2,6000x6000.png,20,9,3,static,16,15,288,5.035304
flip-schedule-confirmation,omp-avx2,6000x6000.png,20,9,3,static,16,16,288,5.060554
flip-schedule-confirmation,omp-avx2,6000x6000.png,20,9,3,static,16,17,288,5.057044
flip-schedule-confirmation,omp-avx2,6000x6000.png,20,9,3,static,16,18,288,5.053116
flip-schedule-confirmation,omp-avx2,6000x6000.png,20,9,3,static,16,19,288,5.033167
flip-schedule-confirmation,omp-avx2,6000x6000.png,20,9,4,dynamic,1,0,350,4.711203
flip-schedule-confirmation,omp-avx2,6000x6000.png,20,9,4,dynamic,1,1,307,4.663846
flip-schedule-confirmation,omp-avx2,6000x6000.png,20,9,4,dynamic,1,2,309,4.661735
flip-schedule-confirmation,omp-avx2,6000x6000.png,20,9,4,dynamic,1,3,309,4.664863
flip-schedule-confirmation,omp-avx2,6000x6000.png,20,9,4,dynamic,1,4,309,4.669005
flip-schedule-confirmation,omp-avx2,6000x6000.png,20,9,4,dynamic,1,5,309,4.667331
flip-schedule-confirmation,omp-avx2,6000x6000.png,20,9,4,dynamic,1,6,310,4.661875
flip-schedule-confirmation,omp-avx2,6000x6000.png,20,9,4,dynamic,1,7,336,4.664470
flip-schedule-confirmation,omp-avx2,6000x6000.png,20,9,4,dynamic,1,8,309,4.665211
flip-schedule-confirmation,omp-avx2,6000x6000.png,20,9,4,dynamic,1,9,312,4.668226
flip-schedule-confirmation,omp-avx2,6000x6000.png,20,9,4,dynamic,1,10,282,4.656261
flip-schedule-confirmation,omp-avx2,6000x6000.png,20,9,4,dynamic,1,11,285,4.653022
flip-schedule-confirmation,omp-avx2,6000x6000.png,20,9,4,dynamic,1,12,282,4.654426
flip-schedule-confirmation,omp-avx2,6000x6000.png,20,9,4,dynamic,1,13,285,4.660161
flip-schedule-confirmation,omp-avx2,6000x6000.png,20,9,4,dynamic,1,14,284,4.649540
flip-schedule-confirmation,omp-avx2,6000x6000.png,20,9,4,dynamic,1,15,287,4.657533
flip-schedule-confirmation,omp-avx2,6000x6000.png,20,9,4,dynamic,1,16,282,4.658204
flip-schedule-confirmation,omp-avx2,6000x6000.png,20,9,4,dynamic,1,17,285,4.649192
flip-schedule-confirmation,omp-avx2,6000x6000.png,20,9,4,dynamic,1,18,284,4.650213
flip-schedule-confirmation,omp-avx2,6000x6000.png,20,9,4,dynamic,1,19,284,4.650258
flip-schedule-confirmation,omp-avx2,6000x6000.png,20,10,0,static,16,0,304,3.890323
flip-schedule-confirmation,omp-avx2,6000x6000.png,20,10,0,static,16,1,304,4.690470
flip-schedule-confirmation,omp-avx2,6000x6000.png,20,10,0,static,16,2,304,4.305542
flip-schedule-confirmation,omp-avx2,6000x6000.png,20,10,0,static,16,3,304,4.288180
flip-schedule-confirmation,omp-avx2,6000x6000.png,20,10,0,static,16,4,304,4.691757
flip-schedule-confirmation,omp-avx2,6000x6000.png,20,10,0,static,16,5,304,4.721396
flip-schedule-confirmation,omp-avx2,6000x6000.png,20,10,0,static,16,6,304,4.723871
flip-schedule-confirmation,omp-avx2,6000x6000.png,20,10,0,static,16,7,304,4.309027
flip-schedule-confirmation,omp-avx2,6000x6000.png,20,10,0,static,16,8,304,4.706921
flip-schedule-confirmation,omp-avx2,6000x6000.png,20,10,0,static,16,9,304,4.723096
flip-schedule-confirmation,omp-avx2,6000x6000.png,20,10,0,static,16,10,304,5.198475
flip-schedule-confirmation,omp-avx2,6000x6000.png,20,10,0,static,16,11,304,5.186817
flip-schedule-confirmation,omp-avx2,6000x6000.png,20,10,0,static,16,12,304,5.216915
flip-schedule-confirmation,omp-avx2,6000x6000.png,20,10,0,static,16,13,304,5.233552
flip-schedule-confirmation,omp-avx2,6000x6000.png,20,10,0,static,16,14,304,5.223569
flip-schedule-confirmation,omp-avx2,6000x6000.png,20,10,0,static,16,15,288,4.948992
flip-schedule-confirmation,omp-avx2,6000x6000.png,20,10,0,static,16,16,288,4.952515
flip-schedule-confirmation,omp-avx2,6000x6000.png,20,10,0,static,16,17,288,4.964011
flip-schedule-confirmation,omp-avx2,6000x6000.png,20,10,0,static,16,18,288,4.974576
flip-schedule-confirmation,omp-avx2,6000x6000.png,20,10,0,static,16,19,288,4.914647
flip-schedule-confirmation,omp-avx2,6000x6000.png,20,10,1,static,,0,300,3.836246
flip-schedule-confirmation,omp-avx2,6000x6000.png,20,10,1,static,,1,300,4.616806
flip-schedule-confirmation,omp-avx2,6000x6000.png,20,10,1,static,,2,300,3.831327
flip-schedule-confirmation,omp-avx2,6000x6000.png,20,10,1,static,,3,300,4.634051
flip-schedule-confirmation,omp-avx2,6000x6000.png,20,10,1,static,,4,300,4.643604
flip-schedule-confirmation,omp-avx2,6000x6000.png,20,10,1,static,,5,300,4.632128
flip-schedule-confirmation,omp-avx2,6000x6000.png,20,10,1,static,,6,300,4.629068
flip-schedule-confirmation,omp-avx2,6000x6000.png,20,10,1,static,,7,300,4.411465
flip-schedule-confirmation,omp-avx2,6000x6000.png,20,10,1,static,,8,300,4.423752
flip-schedule-confirmation,omp-avx2,6000x6000.png,20,10,1,static,,9,300,4.624018
flip-schedule-confirmation,omp-avx2,6000x6000.png,20,10,1,static,,10,300,5.042890
flip-schedule-confirmation,omp-avx2,6000x6000.png,20,10,1,static,,11,300,5.077222
flip-schedule-confirmation,omp-avx2,6000x6000.png,20,10,1,static,,12,300,5.055372
flip-schedule-confirmation,omp-avx2,6000x6000.png,20,10,1,static,,13,300,5.065802
flip-schedule-confirmation,omp-avx2,6000x6000.png,20,10,1,static,,14,300,5.061746
flip-schedule-confirmation,omp-avx2,6000x6000.png,20,10,1,static,,15,300,5.093323
flip-schedule-confirmation,omp-avx2,6000x6000.png,20,10,1,static,,16,300,5.110169
flip-schedule-confirmation,omp-avx2,6000x6000.png,20,10,1,static,,17,300,5.106889
flip-schedule-confirmation,omp-avx2,6000x6000.png,20,10,1,static,,18,300,5.083181
flip-schedule-confirmation,omp-avx2,6000x6000.png,20,10,1,static,,19,300,5.068956
flip-schedule-confirmation,omp-avx2,6000x6000.png,20,10,2,dynamic,1,0,354,4.807523
flip-schedule-confirmation,omp-avx2,6000x6000.png,20,10,2,dynamic,1,1,309,4.752696
flip-schedule-confirmation,omp-avx2,6000x6000.png,20,10,2,dynamic,1,2,347,4.750177
flip-schedule-confirmation,omp-avx2,6000x6000.png,20,10,2,dynamic,1,3,314,4.756846
flip-schedule-confirmation,omp-avx2,6000x6000.png,20,10,2,dynamic,1,4,314,4.754741
flip-schedule-confirmation,omp-avx2,6000x6000.png,20,10,2,dynamic,1,5,311,4.755650
flip-schedule-confirmation,omp-avx2,6000x6000.png,20,10,2,dynamic,1,6,310,4.754961
flip-schedule-confirmation,omp-avx2,6000x6000.png,20,10,2,dynamic,1,7,345,4.750108
flip-schedule-confirmation,omp-avx2,6000x6000.png,20,10,2,dynamic,1,8,311,4.761633
flip-schedule-confirmation,omp-avx2,6000x6000.png,20,10,2,dynamic,1,9,310,4.760858
flip-schedule-confirmation,omp-avx2,6000x6000.png,20,10,2,dynamic,1,10,279,4.759979
flip-schedule-confirmation,omp-avx2,6000x6000.png,20,10,2,dynamic,1,11,274,4.754579
flip-schedule-confirmation,omp-avx2,6000x6000.png,20,10,2,dynamic,1,12,278,4.748944
flip-schedule-confirmation,omp-avx2,6000x6000.png,20,10,2,dynamic,1,13,278,4.747959
flip-schedule-confirmation,omp-avx2,6000x6000.png,20,10,2,dynamic,1,14,278,4.754197
flip-schedule-confirmation,omp-avx2,6000x6000.png,20,10,2,dynamic,1,15,277,4.759787
flip-schedule-confirmation,omp-avx2,6000x6000.png,20,10,2,dynamic,1,16,275,4.752843
flip-schedule-confirmation,omp-avx2,6000x6000.png,20,10,2,dynamic,1,17,277,4.751915
flip-schedule-confirmation,omp-avx2,6000x6000.png,20,10,2,dynamic,1,18,280,4.753478
flip-schedule-confirmation,omp-avx2,6000x6000.png,20,10,2,dynamic,1,19,279,4.755868
flip-schedule-confirmation,omp-avx2,6000x6000.png,20,10,3,dynamic,16,0,368,4.722442
flip-schedule-confirmation,omp-avx2,6000x6000.png,20,10,3,dynamic,16,1,288,4.509311
flip-schedule-confirmation,omp-avx2,6000x6000.png,20,10,3,dynamic,16,2,288,4.503533
flip-schedule-confirmation,omp-avx2,6000x6000.png,20,10,3,dynamic,16,3,288,4.506394
flip-schedule-confirmation,omp-avx2,6000x6000.png,20,10,3,dynamic,16,4,336,4.609577
flip-schedule-confirmation,omp-avx2,6000x6000.png,20,10,3,dynamic,16,5,304,4.730599
flip-schedule-confirmation,omp-avx2,6000x6000.png,20,10,3,dynamic,16,6,304,4.735818
flip-schedule-confirmation,omp-avx2,6000x6000.png,20,10,3,dynamic,16,7,288,4.505916
flip-schedule-confirmation,omp-avx2,6000x6000.png,20,10,3,dynamic,16,8,288,4.503494
flip-schedule-confirmation,omp-avx2,6000x6000.png,20,10,3,dynamic,16,9,288,4.503425
flip-schedule-confirmation,omp-avx2,6000x6000.png,20,10,3,dynamic,16,10,352,4.616953
flip-schedule-confirmation,omp-avx2,6000x6000.png,20,10,3,dynamic,16,11,272,4.645990
flip-schedule-confirmation,omp-avx2,6000x6000.png,20,10,3,dynamic,16,12,272,4.661297
flip-schedule-confirmation,omp-avx2,6000x6000.png,20,10,3,dynamic,16,13,272,4.663987
flip-schedule-confirmation,omp-avx2,6000x6000.png,20,10,3,dynamic,16,14,352,4.634226
flip-schedule-confirmation,omp-avx2,6000x6000.png,20,10,3,dynamic,16,15,272,4.642857
flip-schedule-confirmation,omp-avx2,6000x6000.png,20,10,3,dynamic,16,16,272,4.660815
flip-schedule-confirmation,omp-avx2,6000x6000.png,20,10,3,dynamic,16,17,272,4.674435
flip-schedule-confirmation,omp-avx2,6000x6000.png,20,10,3,dynamic,16,18,272,4.628368
flip-schedule-confirmation,omp-avx2,6000x6000.png,20,10,3,dynamic,16,19,352,4.612943
flip-schedule-confirmation,omp-avx2,6000x6000.png,20,10,4,static,1,0,300,3.836341
flip-schedule-confirmation,omp-avx2,6000x6000.png,20,10,4,static,1,1,300,4.386224
flip-schedule-confirmation,omp-avx2,6000x6000.png,20,10,4,static,1,2,300,4.386991
flip-schedule-confirmation,omp-avx2,6000x6000.png,20,10,4,static,1,3,300,4.381049
flip-schedule-confirmation,omp-avx2,6000x6000.png,20,10,4,static,1,4,300,4.139137
flip-schedule-confirmation,omp-avx2,6000x6000.png,20,10,4,static,1,5,300,4.373388
flip-schedule-confirmation,omp-avx2,6000x6000.png,20,10,4,static,1,6,300,4.369143
flip-schedule-confirmation,omp-avx2,6000x6000.png,20,10,4,static,1,7,300,4.370306
flip-schedule-confirmation,omp-avx2,6000x6000.png,20,10,4,static,1,8,300,4.391415
flip-schedule-confirmation,omp-avx2,6000x6000.png,20,10,4,static,1,9,300,4.405525
flip-schedule-confirmation,omp-avx2,6000x6000.png,20,10,4,static,1,10,300,4.844990
flip-schedule-confirmation,omp-avx2,6000x6000.png,20,10,4,static,1,11,300,4.824933
flip-schedule-confirmation,omp-avx2,6000x6000.png,20,10,4,static,1,12,300,4.802501
flip-schedule-confirmation,omp-avx2,6000x6000.png,20,10,4,static,1,13,300,4.776681
flip-schedule-confirmation,omp-avx2,6000x6000.png,20,10,4,static,1,14,300,4.767416
flip-schedule-confirmation,omp-avx2,6000x6000.png,20,10,4,static,1,15,300,4.739871
flip-schedule-confirmation,omp-avx2,6000x6000.png,20,10,4,static,1,16,300,4.812462
flip-schedule-confirmation,omp-avx2,6000x6000.png,20,10,4,static,1,17,300,4.824350
flip-schedule-confirmation,omp-avx2,6000x6000.png,20,10,4,static,1,18,300,4.739912
flip-schedule-confirmation,omp-avx2,6000x6000.png,20,10,4,static,1,19,300,4.836489
flip-schedule-confirmation,omp-avx2,6000x6000.png,20,11,0,static,1,0,300,3.821939
flip-schedule-confirmation,omp-avx2,6000x6000.png,20,11,0,static,1,1,300,4.399432
flip-schedule-confirmation,omp-avx2,6000x6000.png,20,11,0,static,1,2,300,4.400302
flip-schedule-confirmation,omp-avx2,6000x6000.png,20,11,0,static,1,3,300,4.383776
flip-schedule-confirmation,omp-avx2,6000x6000.png,20,11,0,static,1,4,300,4.320370
flip-schedule-confirmation,omp-avx2,6000x6000.png,20,11,0,static,1,5,300,4.389444
flip-schedule-confirmation,omp-avx2,6000x6000.png,20,11,0,static,1,6,300,4.383145
flip-schedule-confirmation,omp-avx2,6000x6000.png,20,11,0,static,1,7,300,4.408147
flip-schedule-confirmation,omp-avx2,6000x6000.png,20,11,0,static,1,8,300,4.375225
flip-schedule-confirmation,omp-avx2,6000x6000.png,20,11,0,static,1,9,300,4.412560
flip-schedule-confirmation,omp-avx2,6000x6000.png,20,11,0,static,1,10,300,4.845534
flip-schedule-confirmation,omp-avx2,6000x6000.png,20,11,0,static,1,11,300,4.814122
flip-schedule-confirmation,omp-avx2,6000x6000.png,20,11,0,static,1,12,300,4.763531
flip-schedule-confirmation,omp-avx2,6000x6000.png,20,11,0,static,1,13,300,4.766764
flip-schedule-confirmation,omp-avx2,6000x6000.png,20,11,0,static,1,14,300,4.761547
flip-schedule-confirmation,omp-avx2,6000x6000.png,20,11,0,static,1,15,300,4.783778
flip-schedule-confirmation,omp-avx2,6000x6000.png,20,11,0,static,1,16,300,4.789228
flip-schedule-confirmation,omp-avx2,6000x6000.png,20,11,0,static,1,17,300,4.793899
flip-schedule-confirmation,omp-avx2,6000x6000.png,20,11,0,static,1,18,300,4.804419
flip-schedule-confirmation,omp-avx2,6000x6000.png,20,11,0,static,1,19,300,4.827414
flip-schedule-confirmation,omp-avx2,6000x6000.png,20,11,1,static,,0,300,3.860347
flip-schedule-confirmation,omp-avx2,6000x6000.png,20,11,1,static,,1,300,4.635371
flip-schedule-confirmation,omp-avx2,6000x6000.png,20,11,1,static,,2,300,4.662976
flip-schedule-confirmation,omp-avx2,6000x6000.png,20,11,1,static,,3,300,4.611503
flip-schedule-confirmation,omp-avx2,6000x6000.png,20,11,1,static,,4,300,4.102709
flip-schedule-confirmation,omp-avx2,6000x6000.png,20,11,1,static,,5,300,4.604565
flip-schedule-confirmation,omp-avx2,6000x6000.png,20,11,1,static,,6,300,4.648093
flip-schedule-confirmation,omp-avx2,6000x6000.png,20,11,1,static,,7,300,4.652608
flip-schedule-confirmation,omp-avx2,6000x6000.png,20,11,1,static,,8,300,4.704408
flip-schedule-confirmation,omp-avx2,6000x6000.png,20,11,1,static,,9,300,4.627084
flip-schedule-confirmation,omp-avx2,6000x6000.png,20,11,1,static,,10,300,5.056674
flip-schedule-confirmation,omp-avx2,6000x6000.png,20,11,1,static,,11,300,5.110046
flip-schedule-confirmation,omp-avx2,6000x6000.png,20,11,1,static,,12,300,5.057445
flip-schedule-confirmation,omp-avx2,6000x6000.png,20,11,1,static,,13,300,5.087832
flip-schedule-confirmation,omp-avx2,6000x6000.png,20,11,1,static,,14,300,5.067285
flip-schedule-confirmation,omp-avx2,6000x6000.png,20,11,1,static,,15,300,5.129976
flip-schedule-confirmation,omp-avx2,6000x6000.png,20,11,1,static,,16,300,5.119177
flip-schedule-confirmation,omp-avx2,6000x6000.png,20,11,1,static,,17,300,5.173994
flip-schedule-confirmation,omp-avx2,6000x6000.png,20,11,1,static,,18,300,5.105462
flip-schedule-confirmation,omp-avx2,6000x6000.png,20,11,1,static,,19,300,5.146172
flip-schedule-confirmation,omp-avx2,6000x6000.png,20,11,2,dynamic,1,0,353,4.730051
flip-schedule-confirmation,omp-avx2,6000x6000.png,20,11,2,dynamic,1,1,309,4.684074
flip-schedule-confirmation,omp-avx2,6000x6000.png,20,11,2,dynamic,1,2,311,4.681239
flip-schedule-confirmation,omp-avx2,6000x6000.png,20,11,2,dynamic,1,3,308,4.684344
flip-schedule-confirmation,omp-avx2,6000x6000.png,20,11,2,dynamic,1,4,330,4.677180
flip-schedule-confirmation,omp-avx2,6000x6000.png,20,11,2,dynamic,1,5,311,4.691541
flip-schedule-confirmation,omp-avx2,6000x6000.png,20,11,2,dynamic,1,6,312,4.679423
flip-schedule-confirmation,omp-avx2,6000x6000.png,20,11,2,dynamic,1,7,310,4.679693
flip-schedule-confirmation,omp-avx2,6000x6000.png,20,11,2,dynamic,1,8,310,4.687166
flip-schedule-confirmation,omp-avx2,6000x6000.png,20,11,2,dynamic,1,9,311,4.683530
flip-schedule-confirmation,omp-avx2,6000x6000.png,20,11,2,dynamic,1,10,283,4.664404
flip-schedule-confirmation,omp-avx2,6000x6000.png,20,11,2,dynamic,1,11,284,4.668640
flip-schedule-confirmation,omp-avx2,6000x6000.png,20,11,2,dynamic,1,12,285,4.668772
flip-schedule-confirmation,omp-avx2,6000x6000.png,20,11,2,dynamic,1,13,284,4.670328
flip-schedule-confirmation,omp-avx2,6000x6000.png,20,11,2,dynamic,1,14,286,4.676808
flip-schedule-confirmation,omp-avx2,6000x6000.png,20,11,2,dynamic,1,15,283,4.676275
flip-schedule-confirmation,omp-avx2,6000x6000.png,20,11,2,dynamic,1,16,285,4.672978
flip-schedule-confirmation,omp-avx2,6000x6000.png,20,11,2,dynamic,1,17,283,4.668983
flip-schedule-confirmation,omp-avx2,6000x6000.png,20,11,2,dynamic,1,18,279,4.669702
flip-schedule-confirmation,omp-avx2,6000x6000.png,20,11,2,dynamic,1,19,283,4.675470
flip-schedule-confirmation,omp-avx2,6000x6000.png,20,11,3,dynamic,16,0,384,4.907290
flip-schedule-confirmation,omp-avx2,6000x6000.png,20,11,3,dynamic,16,1,304,4.734641
flip-schedule-confirmation,omp-avx2,6000x6000.png,20,11,3,dynamic,16,2,320,4.951553
flip-schedule-confirmation,omp-avx2,6000x6000.png,20,11,3,dynamic,16,3,320,4.943799
flip-schedule-confirmation,omp-avx2,6000x6000.png,20,11,3,dynamic,16,4,336,4.886851
flip-schedule-confirmation,omp-avx2,6000x6000.png,20,11,3,dynamic,16,5,320,4.942190
flip-schedule-confirmation,omp-avx2,6000x6000.png,20,11,3,dynamic,16,6,320,4.941132
flip-schedule-confirmation,omp-avx2,6000x6000.png,20,11,3,dynamic,16,7,320,4.939385
flip-schedule-confirmation,omp-avx2,6000x6000.png,20,11,3,dynamic,16,8,320,4.946619
flip-schedule-confirmation,omp-avx2,6000x6000.png,20,11,3,dynamic,16,9,320,4.940581
flip-schedule-confirmation,omp-avx2,6000x6000.png,20,11,3,dynamic,16,10,272,4.759220
flip-schedule-confirmation,omp-avx2,6000x6000.png,20,11,3,dynamic,16,11,272,4.744602
flip-schedule-confirmation,omp-avx2,6000x6000.png,20,11,3,dynamic,16,12,272,4.735054
flip-schedule-confirmation,omp-avx2,6000x6000.png,20,11,3,dynamic,16,13,272,4.737677
flip-schedule-confirmation,omp-avx2,6000x6000.png,20,11,3,dynamic,16,14,272,4.733518
flip-schedule-confirmation,omp-avx2,6000x6000.png,20,11,3,dynamic,16,15,272,4.767369
flip-schedule-confirmation,omp-avx2,6000x6000.png,20,11,3,dynamic,16,16,272,4.767738
flip-schedule-confirmation,omp-avx2,6000x6000.png,20,11,3,dynamic,16,17,272,4.739447
flip-schedule-confirmation,omp-avx2,6000x6000.png,20,11,3,dynamic,16,18,288,4.943367
flip-schedule-confirmation,omp-avx2,6000x6000.png,20,11,3,dynamic,16,19,272,4.728608
flip-schedule-confirmation,omp-avx2,6000x6000.png,20,11,4,static,16,0,304,3.880041
flip-schedule-confirmation,omp-avx2,6000x6000.png,20,11,4,static,16,1,304,4.708614
flip-schedule-confirmation,omp-avx2,6000x6000.png,20,11,4,static,16,2,304,4.720401
flip-schedule-confirmation,omp-avx2,6000x6000.png,20,11,4,static,16,3,304,4.681366
flip-schedule-confirmation,omp-avx2,6000x6000.png,20,11,4,static,16,4,304,4.029475
flip-schedule-confirmation,omp-avx2,6000x6000.png,20,11,4,static,16,5,304,4.752813
flip-schedule-confirmation,omp-avx2,6000x6000.png,20,11,4,static,16,6,304,4.753394
flip-schedule-confirmation,omp-avx2,6000x6000.png,20,11,4,static,16,7,304,4.740827
flip-schedule-confirmation,omp-avx2,6000x6000.png,20,11,4,static,16,8,304,4.767710
flip-schedule-confirmation,omp-avx2,6000x6000.png,20,11,4,static,16,9,304,4.741831
flip-schedule-confirmation,omp-avx2,6000x6000.png,20,11,4,static,16,10,304,5.240111
flip-schedule-confirmation,omp-avx2,6000x6000.png,20,11,4,static,16,11,304,5.229237
flip-schedule-confirmation,omp-avx2,6000x6000.png,20,11,4,static,16,12,304,5.291145
flip-schedule-confirmation,omp-avx2,6000x6000.png,20,11,4,static,16,13,304,5.299766
flip-schedule-confirmation,omp-avx2,6000x6000.png,20,11,4,static,16,14,304,5.286548
flip-schedule-confirmation,omp-avx2,6000x6000.png,20,11,4,static,16,15,288,4.993459
flip-schedule-confirmation,omp-avx2,6000x6000.png,20,11,4,static,16,16,288,5.012801
flip-schedule-confirmation,omp-avx2,6000x6000.png,20,11,4,static,16,17,288,5.012136
flip-schedule-confirmation,omp-avx2,6000x6000.png,20,11,4,static,16,18,288,5.028244
flip-schedule-confirmation,omp-avx2,6000x6000.png,20,11,4,static,16,19,288,4.995931
