Experiment,Build,Image,Width,Height,Threads,Schedule,Chunk,Touch_Mode,Repeat,Copy_ms,Horizontal_ms,Vertical_ms,Total_ms
zoom-scaling-static,off-avx2,6000x6000.png,6000,6000,1,static,,fresh,0,177.352394,59.757492,119.643715,356.753601
zoom-scaling-static,off-avx2,6000x6000.png,6000,6000,1,static,,fresh,1,179.890312,58.259994,111.109385,349.259691
zoom-scaling-static,off-avx2,6000x6000.png,6000,6000,1,static,,fresh,2,179.773442,57.969730,111.154668,348.897840
zoom-scaling-static,off-avx2,6000x6000.png,6000,6000,1,static,,fresh,3,180.028094,57.971721,110.875280,348.875095
zoom-scaling-static,off-avx2,6000x6000.png,6000,6000,1,static,,fresh,4,180.087904,57.972883,110.874874,348.935661
zoom-scaling-static,off-avx2,6000x6000.png,6000,6000,1,static,,fresh,5,179.743897,58.257715,110.963950,348.965562
zoom-scaling-static,off-avx2,6000x6000.png,6000,6000,1,static,,fresh,6,179.943993,58.272172,110.942821,349.158986
zoom-scaling-static,off-avx2,6000x6000.png,6000,6000,1,static,,fresh,7,181.335970,58.097755,110.911892,350.345617
zoom-scaling-static,off-avx2,6000x6000.png,6000,6000,1,static,,fresh,8,180.281311,58.117950,110.954551,349.353812
zoom-scaling-static,off-avx2,6000x6000.png,6000,6000,1,static,,fresh,9,180.112800,57.941727,110.914403,348.968930
zoom-scaling-static,off-avx2,6000x6000.png,6000,6000,2,static,,fresh,0,91.640370,29.740509,56.841732,178.222611
zoom-scaling-static,off-avx2,6000x6000.png,6000,6000,2,static,,fresh,1,92.253760,32.134654,61.106048,185.494462
zoom-scaling-static,off-avx2,6000x6000.png,6000,6000,2,static,,fresh,2,94.088278,29.530150,56.475922,180.094350
zoom-scaling-static,off-avx2,6000x6000.png,6000,6000,2,static,,fresh,3,91.237051,30.155609,56.223735,177.616395
zoom-scaling-static,off-avx2,6000x6000.png,6000,6000,2,static,,fresh,4,91.577253,29.519538,56.553249,177.650040
zoom-scaling-static,off-avx2,6000x6000.png,6000,6000,2,static,,fresh,5,91.806184,30.439835,56.902837,179.148856
zoom-scaling-static,off-avx2,6000x6000.png,6000,6000,2,static,,fresh,6,91.674835,29.626551,56.164987,177.466373
zoom-scaling-static,off-avx2,6000x6000.png,6000,6000,2,static,,fresh,7,91.691004,29.492348,56.571208,177.754560
zoom-scaling-static,off-avx2,6000x6000.png,6000,6000,2,static,,fresh,8,91.682613,29.575064,56.146473,177.404150
zoom-scaling-static,off-avx2,6000x6000.png,6000,6000,2,static,,fresh,9,91.766450,29.612915,56.681589,178.060954
zoom-scaling-static,off-avx2,6000x6000.png,6000,6000,4,static,,fresh,0,50.085227,17.067533,31.088939,98.241699
zoom-scaling-static,off-avx2,6000x6000.png,6000,6000,4,static,,fresh,1,48.398969,16.333241,31.368978,96.101188
zoom-scaling-static,off-avx2,6000x6000.png,6000,6000,4,static,,fresh,2,48.438962,16.377293,31.033295,95.849550
zoom-scaling-static,off-avx2,6000x6000.png,6000,6000,4,static,,fresh,3,48.867811,16.281895,31.106626,96.256332
zoom-scaling-static,off-avx2,6000x6000.png,6000,6000,4,static,,fresh,4,48.375024,16.986014,32.275906,97.636944
zoom-scaling-static,off-avx2,6000x6000.png,6000,6000,4,static,,fresh,5,49.139342,16.766796,31.109441,97.015579
zoom-scaling-static,off-avx2,6000x6000.png,6000,6000,4,static,,fresh,6,48.448020,16.275921,31.383804,96.107745
zoom-scaling-static,off-avx2,6000x6000.png,6000,6000,4,static,,fresh,7,48.336085,16.452942,31.285176,96.074203
zoom-scaling-static,off-avx2,6000x6000.png,6000,6000,4,static,,fresh,8,48.730231,16.302623,31.079936,96.112790
zoom-scaling-static,off-avx2,6000x6000.png,6000,6000,4,static,,fresh,9,48.737347,16.309857,31.058931,96.106135
zoom-scaling-static,off-avx2,6000x6000.png,6000,6000,8,static,,fresh,0,27.134678,10.775377,17.009703,54.919758
zoom-scaling-static,off-avx2,6000x6000.png,6000,6000,8,static,,fresh,1,26.391266,9.408534,16.739509,52.539309
zoom-scaling-static,off-avx2,6000x6000.png,6000,6000,8,static,,fresh,2,26.417173,9.478366,16.710600,52.606139
zoom-scaling-static,off-avx2,6000x6000.png,6000,6000,8,static,,fresh,3,26.376028,9.406529,16.689620,52.472177
zoom-scaling-static,off-avx2,6000x6000.png,6000,6000,8,static,,fresh,4,26.407846,9.494316,16.756683,52.658845
zoom-scaling-static,off-avx2,6000x6000.png,6000,6000,8,static,,fresh,5,26.627464,9.440188,16.758299,52.825951
zoom-scaling-static,off-avx2,6000x6000.png,6000,6000,8,static,,fresh,6,26.349158,9.485972,16.736344,52.571474
zoom-scaling-static,off-avx2,6000x6000.png,6000,6000,8,static,,fresh,7,26.467136,9.717913,16.732377,52.917426
zoom-scaling-static,off-avx2,6000x6000.png,6000,6000,8,static,,fresh,8,26.484756,9.379465,16.756316,52.620537
zoom-scaling-static,off-avx2,6000x6000.png,6000,6000,8,static,,fresh,9,26.402332,9.435587,17.076958,52.914877
zoom-scaling-static,off-avx2,6000x6000.png,6000,6000,12,static,,fresh,0,22.608839,8.024442,12.474565,43.107846
zoom-scaling-static,off-avx2,6000x6000.png,6000,6000,12,static,,fresh,1,18.054004,7.941630,11.933936,37.929570
zoom-scaling-static,off-avx2,6000x6000.png,6000,6000,12,static,,fresh,2,17.250409,7.512364,11.590289,36.353062
zoom-scaling-static,off-avx2,6000x6000.png,6000,6000,12,static,,fresh,3,17.017958,7.437631,11.478179,35.933768
zoom-scaling-static,off-avx2,6000x6000.png,6000,6000,12,static,,fresh,4,16.876428,7.477642,11.527731,35.881801
zoom-scaling-static,off-avx2,6000x6000.png,6000,6000,12,static,,fresh,5,17.038950,7.517186,11.493927,36.050063
zoom-scaling-static,off-avx2,6000x6000.png,6000,6000,12,static,,fresh,6,16.812137,7.477964,11.491363,35.781464
zoom-scaling-static,off-avx2,6000x6000.png,6000,6000,12,static,,fresh,7,16.824093,7.437578,11.453847,35.715518
zoom-scaling-static,off-avx2,6000x6000.png,6000,6000,12,static,,fresh,8,17.028140,7.342199,11.474941,35.845280
zoom-scaling-static,off-avx2,6000x6000.png,6000,6000,12,static,,fresh,9,16.852158,7.514828,11.525715,35.892701
zoom-scaling-static,off-avx2,6000x6000.png,6000,6000,16,static,,fresh,0,17.062991,5.974226,9.324780,32.361997
zoom-scaling-static,off-avx2,6000x6000.png,6000,6000,16,static,,fresh,1,13.109286,5.524507,9.260562,27.894355
zoom-scaling-static,off-avx2,6000x6000.png,6000,6000,16,static,,fresh,2,12.488823,5.500496,9.184242,27.173561
zoom-scaling-static,off-avx2,6000x6000.png,6000,6000,16,static,,fresh,3,12.430089,5.506262,9.194685,27.131036
zoom-scaling-static,off-avx2,6000x6000.png,6000,6000,16,static,,fresh,4,12.537027,5.543735,9.168436,27.249198
zoom-scaling-static,off-avx2,6000x6000.png,6000,6000,16,static,,fresh,5,12.720380,5.521832,9.174701,27.416913
zoom-scaling-static,off-avx2,6000x6000.png,6000,6000,16,static,,fresh,6,12.571656,5.581876,9.107158,27.260690
zoom-scaling-static,off-avx2,6000x6000.png,6000,6000,16,static,,fresh,7,12.475977,5.519048,9.065194,27.060219
zoom-scaling-static,off-avx2,6000x6000.png,6000,6000,16,static,,fresh,8,12.571521,5.540868,9.051755,27.164144
zoom-scaling-static,off-avx2,6000x6000.png,6000,6000,16,static,,fresh,9,12.510082,5.513827,9.275710,27.299619
zoom-scaling-static,off-avx2,6000x6000.png,6000,6000,20,static,,fresh,0,14.445306,4.911430,7.741385,27.098121
zoom-scaling-static,off-avx2,6000x6000.png,6000,6000,20,static,,fresh,1,11.880099,4.844332,7.668247,24.392678
zoom-scaling-static,off-avx2,6000x6000.png,6000,6000,20,static,,fresh,2,11.347486,4.963336,7.441544,23.752366
zoom-scaling-static,off-avx2,6000x6000.png,6000,6000,20,static,,fresh,3,10.608082,4.558162,7.183249,22.349493
zoom-scaling-static,off-avx2,6000x6000.png,6000,6000,20,static,,fresh,4,10.455418,4.488653,7.207446,22.151517
zoom-scaling-static,off-avx2,6000x6000.png,6000,6000,20,static,,fresh,5,10.484532,4.426100,7.153751,22.064383
zoom-scaling-static,off-avx2,6000x6000.png,6000,6000,20,static,,fresh,6,10.466999,4.457241,7.197853,22.122093
zoom-scaling-static,off-avx2,6000x6000.png,6000,6000,20,static,,fresh,7,10.472717,4.471762,7.158020,22.102499
zoom-scaling-static,off-avx2,6000x6000.png,6000,6000,20,static,,fresh,8,10.668789,4.434891,7.130547,22.234227
zoom-scaling-static,off-avx2,6000x6000.png,6000,6000,20,static,,fresh,9,10.441300,4.507704,7.128167,22.077171
zoom-scaling-static,omp-avx2,6000x6000.png,6000,6000,1,static,,fresh,0,180.246937,58.508276,47.097882,285.853095
zoom-scaling-static,omp-avx2,6000x6000.png,6000,6000,1,static,,fresh,1,179.277832,58.222999,47.406375,284.907206
zoom-scaling-static,omp-avx2,6000x6000.png,6000,6000,1,static,,fresh,2,179.837160,58.183127,48.296497,286.316784
zoom-scaling-static,omp-avx2,6000x6000.png,6000,6000,1,static,,fresh,3,180.281740,58.493659,47.091860,285.867259
zoom-scaling-static,omp-avx2,6000x6000.png,6000,6000,1,static,,fresh,4,180.284163,58.195042,47.130986,285.610191
zoom-scaling-static,omp-avx2,6000x6000.png,6000,6000,1,static,,fresh,5,179.612541,58.186283,47.500068,285.298892
zoom-scaling-static,omp-avx2,6000x6000.png,6000,6000,1,static,,fresh,6,179.953415,58.513754,47.058614,285.525783
zoom-scaling-static,omp-avx2,6000x6000.png,6000,6000,1,static,,fresh,7,179.610805,58.160198,47.142371,284.913374
zoom-scaling-static,omp-avx2,6000x6000.png,6000,6000,1,static,,fresh,8,181.084452,62.855360,49.015424,292.955236
zoom-scaling-static,omp-avx2,6000x6000.png,6000,6000,1,static,,fresh,9,179.616031,58.497291,47.175506,285.288828
zoom-scaling-static,omp-avx2,6000x6000.png,6000,6000,2,static,,fresh,0,91.988617,29.456232,24.585094,146.029943
zoom-scaling-static,omp-avx2,6000x6000.png,6000,6000,2,static,,fresh,1,91.064272,29.673165,24.479836,145.217273
zoom-scaling-static,omp-avx2,6000x6000.png,6000,6000,2,static,,fresh,2,90.636454,29.635597,25.392947,145.664998
zoom-scaling-static,omp-avx2,6000x6000.png,6000,6000,2,static,,fresh,3,91.225759,29.875829,24.476322,145.577910
zoom-scaling-static,omp-avx2,6000x6000.png,6000,6000,2,static,,fresh,4,90.822949,30.167600,24.502460,145.493009
zoom-scaling-static,omp-avx2,6000x6000.png,6000,6000,2,static,,fresh,5,90.970276,29.433872,24.565181,144.969329
zoom-scaling-static,omp-avx2,6000x6000.png,6000,6000,2,static,,fresh,6,90.582338,29.533468,24.542803,144.658609
zoom-scaling-static,omp-avx2,6000x6000.png,6000,6000,2,static,,fresh,7,90.530917,29.463171,24.741711,144.735799
zoom-scaling-static,omp-avx2,6000x6000.png,6000,6000,2,static,,fresh,8,90.525572,29.439665,24.716492,144.681729
zoom-scaling-static,omp-avx2,6000x6000.png,6000,6000,2,static,,fresh,9,90.267932,29.689710,24.460383,144.418025
zoom-scaling-static,omp-avx2,6000x6000.png,6000,6000,4,static,,fresh,0,49.874280,19.327721,14.819471,84.021472
zoom-scaling-static,omp-avx2,6000x6000.png,6000,6000,4,static,,fresh,1,48.729891,16.416551,14.876938,80.023380
zoom-scaling-static,omp-avx2,6000x6000.png,6000,6000,4,static,,fresh,2,48.833011,18.475100,16.464545,83.772656
zoom-scaling-static,omp-avx2,6000x6000.png,6000,6000,4,static,,fresh,3,52.160862,19.655195,15.046993,86.863050
zoom-scaling-static,omp-avx2,6000x6000.png,6000,6000,4,static,,fresh,4,54.672541,19.410409,14.799271,88.882221
zoom-scaling-static,omp-avx2,6000x6000.png,6000,6000,4,static,,fresh,5,49.843226,16.458855,14.910835,81.212916
zoom-scaling-static,omp-avx2,6000x6000.png,6000,6000,4,static,,fresh,6,48.830546,16.439079,15.147807,80.417432
zoom-scaling-static,omp-avx2,6000x6000.png,6000,6000,4,static,,fresh,7,48.500715,16.417024,14.818315,79.736054
zoom-scaling-static,omp-avx2,6000x6000.png,6000,6000,4,static,,fresh,8,49.104728,16.408418,14.871293,80.384439
zoom-scaling-static,omp-avx2,6000x6000.png,6000,6000,4,static,,fresh,9,48.799330,16.357812,14.775513,79.932655
zoom-scaling-static,omp-avx2,6000x6000.png,6000,6000,8,static,,fresh,0,27.321356,10.756462,13.406718,51.484536
zoom-scaling-static,omp-avx2,6000x6000.png,6000,6000,8,static,,fresh,1,27.118173,10.676717,13.356484,51.151374
zoom-scaling-static,omp-avx2,6000x6000.png,6000,6000,8,static,,fresh,2,26.788572,9.160600,13.435360,49.384532
zoom-scaling-static,omp-avx2,6000x6000.png,6000,6000,8,static,,fresh,3,26.319782,9.100160,13.378723,48.798665
zoom-scaling-static,omp-avx2,6000x6000.png,6000,6000,8,static,,fresh,4,26.350981,9.235288,13.701470,49.287739
zoom-scaling-static,omp-avx2,6000x6000.png,6000,6000,8,static,,fresh,5,28.068735,10.687495,13.424194,52.180424
zoom-scaling-static,omp-avx2,6000x6000.png,6000,6000,8,static,,fresh,6,26.294330,10.367209,13.385050,50.046589
zoom-scaling-static,omp-avx2,6000x6000.png,6000,6000,8,static,,fresh,7,26.383092,9.245261,13.376552,49.004905
zoom-scaling-static,omp-avx2,6000x6000.png,6000,6000,8,static,,fresh,8,26.134123,9.177909,13.363777,48.675809
zoom-scaling-static,omp-avx2,6000x6000.png,6000,6000,8,static,,fresh,9,26.371859,9.498417,13.356125,49.226401
zoom-scaling-static,omp-avx2,6000x6000.png,6000,6000,12,static,,fresh,0,22.310611,7.862249,10.319257,40.492117
zoom-scaling-static,omp-avx2,6000x6000.png,6000,6000,12,static,,fresh,1,17.589951,7.833660,10.464489,35.888100
zoom-scaling-static,omp-avx2,6000x6000.png,6000,6000,12,static,,fresh,2,17.020227,7.372167,10.110527,34.502921
zoom-scaling-static,omp-avx2,6000x6000.png,6000,6000,12,static,,fresh,3,16.875856,7.308843,10.066436,34.251135
zoom-scaling-static,omp-avx2,6000x6000.png,6000,6000,12,static,,fresh,4,16.806525,7.439728,10.115117,34.361370
zoom-scaling-static,omp-avx2,6000x6000.png,6000,6000,12,static,,fresh,5,17.032538,7.546669,10.155455,34.734662
zoom-scaling-static,omp-avx2,6000x6000.png,6000,6000,12,static,,fresh,6,16.716406,7.433507,10.067309,34.217222
zoom-scaling-static,omp-avx2,6000x6000.png,6000,6000,12,static,,fresh,7,16.735193,7.382113,10.145226,34.262532
zoom-scaling-static,omp-avx2,6000x6000.png,6000,6000,12,static,,fresh,8,16.779676,7.385539,10.321722,34.486937
zoom-scaling-static,omp-avx2,6000x6000.png,6000,6000,12,static,,fresh,9,16.803165,7.425186,10.183449,34.411800
zoom-scaling-static,omp-avx2,6000x6000.png,6000,6000,16,static,,fresh,0,16.684403,5.867376,7.815075,30.366854
zoom-scaling-static,omp-avx2,6000x6000.png,6000,6000,16,static,,fresh,1,13.433692,5.917732,7.780953,27.132377
zoom-scaling-static,omp-avx2,6000x6000.png,6000,6000,16,static,,fresh,2,12.441205,5.508933,7.758942,25.709080
zoom-scaling-static,omp-avx2,6000x6000.png,6000,6000,16,static,,fresh,3,12.484397,5.488020,7.683467,25.655884
zoom-scaling-static,omp-avx2,6000x6000.png,6000,6000,16,static,,fresh,4,12.310069,5.454198,7.760635,25.524902
zoom-scaling-static,omp-avx2,6000x6000.png,6000,6000,16,static,,fresh,5,12.271018,5.472081,7.768350,25.511449
zoom-scaling-static,omp-avx2,6000x6000.png,6000,6000,16,static,,fresh,6,12.337188,5.788699,7.891156,26.017043
zoom-scaling-static,omp-avx2,6000x6000.png,6000,6000,16,static,,fresh,7,12.281085,5.499797,7.718735,25.499617
zoom-scaling-static,omp-avx2,6000x6000.png,6000,6000,16,static,,fresh,8,12.322761,5.432209,7.692620,25.447590
zoom-scaling-static,omp-avx2,6000x6000.png,6000,6000,16,static,,fresh,9,12.331052,5.488826,7.867345,25.687223
zoom-scaling-static,omp-avx2,6000x6000.png,6000,6000,20,static,,fresh,0,14.768614,4.897127,6.764079,26.429820
zoom-scaling-static,omp-avx2,6000x6000.png,6000,6000,20,static,,fresh,1,11.642749,4.530106,6.500382,22.673237
zoom-scaling-static,omp-avx2,6000x6000.png,6000,6000,20,static,,fresh,2,11.033839,4.505857,6.637533,22.177229
zoom-scaling-static,omp-avx2,6000x6000.png,6000,6000,20,static,,fresh,3,10.600137,4.403698,6.380463,21.384298
zoom-scaling-static,omp-avx2,6000x6000.png,6000,6000,20,static,,fresh,4,10.382742,4.423939,6.515124,21.321805
zoom-scaling-static,omp-avx2,6000x6000.png,6000,6000,20,static,,fresh,5,10.339057,4.433650,6.337608,21.110315
zoom-scaling-static,omp-avx2,6000x6000.png,6000,6000,20,static,,fresh,6,10.571182,4.435056,6.416784,21.423022
zoom-scaling-static,omp-avx2,6000x6000.png,6000,6000,20,static,,fresh,7,10.363718,4.422011,6.421989,21.207718
zoom-scaling-static,omp-avx2,6000x6000.png,6000,6000,20,static,,fresh,8,10.412485,4.400641,6.381876,21.195002
zoom-scaling-static,omp-avx2,6000x6000.png,6000,6000,20,static,,fresh,9,10.401997,4.464389,6.483758,21.350144
zoom-schedule-touch,omp-avx2,6000x6000.png,6000,6000,20,static,,fresh,0,14.986426,4.932697,6.469187,26.388310
zoom-schedule-touch,omp-avx2,6000x6000.png,6000,6000,20,static,,fresh,1,11.601302,4.474019,6.363115,22.438436
zoom-schedule-touch,omp-avx2,6000x6000.png,6000,6000,20,static,,fresh,2,10.942964,4.460647,6.367254,21.770865
zoom-schedule-touch,omp-avx2,6000x6000.png,6000,6000,20,static,,fresh,3,10.596152,4.443882,6.367104,21.407138
zoom-schedule-touch,omp-avx2,6000x6000.png,6000,6000,20,static,,fresh,4,10.440638,4.437702,6.310053,21.188393
zoom-schedule-touch,omp-avx2,6000x6000.png,6000,6000,20,static,,fresh,5,10.380365,4.445781,6.251713,21.077859
zoom-schedule-touch,omp-avx2,6000x6000.png,6000,6000,20,static,,fresh,6,10.353050,4.643344,6.228473,21.224867
zoom-schedule-touch,omp-avx2,6000x6000.png,6000,6000,20,static,,fresh,7,10.333883,4.433725,6.318779,21.086387
zoom-schedule-touch,omp-avx2,6000x6000.png,6000,6000,20,static,,fresh,8,10.331513,4.528408,6.320787,21.180708
zoom-schedule-touch,omp-avx2,6000x6000.png,6000,6000,20,static,,fresh,9,10.344605,4.442819,6.317334,21.104758
zoom-schedule-touch,omp-avx2,6000x6000.png,6000,6000,20,static,,pretouch-static,0,6.102198,4.870514,6.485410,17.458122
zoom-schedule-touch,omp-avx2,6000x6000.png,6000,6000,20,static,,pretouch-static,1,6.323240,4.966942,6.291404,17.581586
zoom-schedule-touch,omp-avx2,6000x6000.png,6000,6000,20,static,,pretouch-static,2,6.163293,4.908522,6.233141,17.304956
zoom-schedule-touch,omp-avx2,6000x6000.png,6000,6000,20,static,,pretouch-static,3,6.283228,4.962789,6.346401,17.592418
zoom-schedule-touch,omp-avx2,6000x6000.png,6000,6000,20,static,,pretouch-static,4,6.208527,4.848608,6.313808,17.370943
zoom-schedule-touch,omp-avx2,6000x6000.png,6000,6000,20,static,,pretouch-static,5,6.290419,5.027947,6.497060,17.815426
zoom-schedule-touch,omp-avx2,6000x6000.png,6000,6000,20,static,,pretouch-static,6,5.976525,4.399783,6.282343,16.658651
zoom-schedule-touch,omp-avx2,6000x6000.png,6000,6000,20,static,,pretouch-static,7,6.007537,4.372556,6.291795,16.671888
zoom-schedule-touch,omp-avx2,6000x6000.png,6000,6000,20,static,,pretouch-static,8,5.986594,4.399435,6.208567,16.594596
zoom-schedule-touch,omp-avx2,6000x6000.png,6000,6000,20,static,,pretouch-static,9,5.945514,4.485923,6.271658,16.703095
zoom-schedule-touch,omp-avx2,6000x6000.png,6000,6000,20,static,1,fresh,0,58.762396,8.465339,13.432435,80.660170
zoom-schedule-touch,omp-avx2,6000x6000.png,6000,6000,20,static,1,fresh,1,55.191206,5.700868,10.421167,71.313241
zoom-schedule-touch,omp-avx2,6000x6000.png,6000,6000,20,static,1,fresh,2,53.987637,5.646957,10.186514,69.821108
zoom-schedule-touch,omp-avx2,6000x6000.png,6000,6000,20,static,1,fresh,3,55.020365,7.252744,11.281868,73.554977
zoom-schedule-touch,omp-avx2,6000x6000.png,6000,6000,20,static,1,fresh,4,54.623404,5.502529,10.381802,70.507735
zoom-schedule-touch,omp-avx2,6000x6000.png,6000,6000,20,static,1,fresh,5,53.563436,5.144952,9.710467,68.418855
zoom-schedule-touch,omp-avx2,6000x6000.png,6000,6000,20,static,1,fresh,6,54.150011,5.911823,10.657438,70.719272
zoom-schedule-touch,omp-avx2,6000x6000.png,6000,6000,20,static,1,fresh,7,53.599437,5.152816,10.118396,68.870649
zoom-schedule-touch,omp-avx2,6000x6000.png,6000,6000,20,static,1,fresh,8,54.258223,5.863182,10.598829,70.720234
zoom-schedule-touch,omp-avx2,6000x6000.png,6000,6000,20,static,1,fresh,9,54.064291,6.097838,10.516674,70.678803
zoom-schedule-touch,omp-avx2,6000x6000.png,6000,6000,20,static,1,pretouch-static,0,8.814604,7.790694,12.325248,28.930546
zoom-schedule-touch,omp-avx2,6000x6000.png,6000,6000,20,static,1,pretouch-static,1,8.836857,7.576465,12.308225,28.721547
zoom-schedule-touch,omp-avx2,6000x6000.png,6000,6000,20,static,1,pretouch-static,2,8.730824,7.616088,12.449203,28.796115
zoom-schedule-touch,omp-avx2,6000x6000.png,6000,6000,20,static,1,pretouch-static,3,8.721636,7.844996,12.206043,28.772675
zoom-schedule-touch,omp-avx2,6000x6000.png,6000,6000,20,static,1,pretouch-static,4,8.779537,7.885788,12.211725,28.877050
zoom-schedule-touch,omp-avx2,6000x6000.png,6000,6000,20,static,1,pretouch-static,5,8.752317,7.856339,12.179160,28.787816
zoom-schedule-touch,omp-avx2,6000x6000.png,6000,6000,20,static,1,pretouch-static,6,8.951192,7.532657,12.281078,28.764927
zoom-schedule-touch,omp-avx2,6000x6000.png,6000,6000,20,static,1,pretouch-static,7,8.819127,7.869934,12.226284,28.915345
zoom-schedule-touch,omp-avx2,6000x6000.png,6000,6000,20,static,1,pretouch-static,8,8.753993,7.874770,12.239181,28.867944
zoom-schedule-touch,omp-avx2,6000x6000.png,6000,6000,20,static,1,pretouch-static,9,8.747478,8.037145,12.236357,29.020980
zoom-schedule-touch,omp-avx2,6000x6000.png,6000,6000,20,static,16,fresh,0,18.367844,5.130517,6.712291,30.210652
zoom-schedule-touch,omp-avx2,6000x6000.png,6000,6000,20,static,16,fresh,1,15.653359,5.059651,6.379453,27.092463
zoom-schedule-touch,omp-avx2,6000x6000.png,6000,6000,20,static,16,fresh,2,15.168093,5.062542,6.466217,26.696852
zoom-schedule-touch,omp-avx2,6000x6000.png,6000,6000,20,static,16,fresh,3,14.739072,4.497297,6.391557,25.627926
zoom-schedule-touch,omp-avx2,6000x6000.png,6000,6000,20,static,16,fresh,4,14.024908,4.576259,6.553462,25.154629
zoom-schedule-touch,omp-avx2,6000x6000.png,6000,6000,20,static,16,fresh,5,13.741607,4.603313,6.532011,24.876931
zoom-schedule-touch,omp-avx2,6000x6000.png,6000,6000,20,static,16,fresh,6,13.794706,4.593821,6.470879,24.859406
zoom-schedule-touch,omp-avx2,6000x6000.png,6000,6000,20,static,16,fresh,7,13.951948,4.515134,6.497583,24.964665
zoom-schedule-touch,omp-avx2,6000x6000.png,6000,6000,20,static,16,fresh,8,14.101961,4.503176,6.455889,25.061026
zoom-schedule-touch,omp-avx2,6000x6000.png,6000,6000,20,static,16,fresh,9,14.404342,4.640648,6.638868,25.683858
zoom-schedule-touch,omp-avx2,6000x6000.png,6000,6000,20,static,16,pretouch-static,0,8.987267,7.891332,11.254427,28.133026
zoom-schedule-touch,omp-avx2,6000x6000.png,6000,6000,20,static,16,pretouch-static,1,9.020900,8.000722,11.175931,28.197553
zoom-schedule-touch,omp-avx2,6000x6000.png,6000,6000,20,static,16,pretouch-static,2,8.791761,7.882697,11.168741,27.843199
zoom-schedule-touch,omp-avx2,6000x6000.png,6000,6000,20,static,16,pretouch-static,3,8.752096,7.898039,11.134234,27.784369
zoom-schedule-touch,omp-avx2,6000x6000.png,6000,6000,20,static,16,pretouch-static,4,8.800719,7.859022,11.336773,27.996514
zoom-schedule-touch,omp-avx2,6000x6000.png,6000,6000,20,static,16,pretouch-static,5,8.841263,7.907668,11.115208,27.864139
zoom-schedule-touch,omp-avx2,6000x6000.png,6000,6000,20,static,16,pretouch-static,6,8.800424,7.933398,11.146444,27.880266
zoom-schedule-touch,omp-avx2,6000x6000.png,6000,6000,20,static,16,pretouch-static,7,8.865781,7.971081,11.224691,28.061553
zoom-schedule-touch,omp-avx2,6000x6000.png,6000,6000,20,static,16,pretouch-static,8,8.733703,7.508041,11.156197,27.397941
zoom-schedule-touch,omp-avx2,6000x6000.png,6000,6000,20,static,16,pretouch-static,9,8.842348,7.967061,11.149025,27.958434
zoom-schedule-touch,omp-avx2,6000x6000.png,6000,6000,20,dynamic,1,fresh,0,60.819610,8.147503,13.204205,82.171318
zoom-schedule-touch,omp-avx2,6000x6000.png,6000,6000,20,dynamic,1,fresh,1,55.303800,7.097557,12.367431,74.768788
zoom-schedule-touch,omp-avx2,6000x6000.png,6000,6000,20,dynamic,1,fresh,2,54.069488,6.140735,11.453221,71.663444
zoom-schedule-touch,omp-avx2,6000x6000.png,6000,6000,20,dynamic,1,fresh,3,54.024725,6.205025,11.734751,71.964501
zoom-schedule-touch,omp-avx2,6000x6000.png,6000,6000,20,dynamic,1,fresh,4,54.818997,6.350189,12.188408,73.357594
zoom-schedule-touch,omp-avx2,6000x6000.png,6000,6000,20,dynamic,1,fresh,5,54.173029,6.298822,11.887830,72.359681
zoom-schedule-touch,omp-avx2,6000x6000.png,6000,6000,20,dynamic,1,fresh,6,53.997912,6.163560,11.450696,71.612168
zoom-schedule-touch,omp-avx2,6000x6000.png,6000,6000,20,dynamic,1,fresh,7,53.903457,6.176281,11.409223,71.488961
zoom-schedule-touch,omp-avx2,6000x6000.png,6000,6000,20,dynamic,1,fresh,8,53.936690,6.145364,11.606217,71.688271
zoom-schedule-touch,omp-avx2,6000x6000.png,6000,6000,20,dynamic,1,fresh,9,55.774652,7.238834,12.954455,75.967941
zoom-schedule-touch,omp-avx2,6000x6000.png,6000,6000,20,dynamic,1,pretouch-static,0,8.861782,7.791247,13.716752,30.369781
zoom-schedule-touch,omp-avx2,6000x6000.png,6000,6000,20,dynamic,1,pretouch-static,1,8.789775,7.661120,13.507583,29.958478
zoom-schedule-touch,omp-avx2,6000x6000.png,6000,6000,20,dynamic,1,pretouch-static,2,8.859432,7.675378,13.456428,29.991238
zoom-schedule-touch,omp-avx2,6000x6000.png,6000,6000,20,dynamic,1,pretouch-static,3,8.752189,7.677638,13.377213,29.807040
zoom-schedule-touch,omp-avx2,6000x6000.png,6000,6000,20,dynamic,1,pretouch-static,4,8.829829,7.677691,13.540864,30.048384
zoom-schedule-touch,omp-avx2,6000x6000.png,6000,6000,20,dynamic,1,pretouch-static,5,8.786113,7.660109,13.485718,29.931940
zoom-schedule-touch,omp-avx2,6000x6000.png,6000,6000,20,dynamic,1,pretouch-static,6,8.793304,7.657291,13.807862,30.258457
zoom-schedule-touch,omp-avx2,6000x6000.png,6000,6000,20,dynamic,1,pretouch-static,7,9.075684,7.639504,13.366194,30.081382
zoom-schedule-touch,omp-avx2,6000x6000.png,6000,6000,20,dynamic,1,pretouch-static,8,8.801516,7.662444,13.479456,29.943416
zoom-schedule-touch,omp-avx2,6000x6000.png,6000,6000,20,dynamic,1,pretouch-static,9,8.785785,7.619339,13.435315,29.840439
zoom-schedule-touch,omp-avx2,6000x6000.png,6000,6000,20,dynamic,16,fresh,0,18.180809,5.266849,7.742849,31.190507
zoom-schedule-touch,omp-avx2,6000x6000.png,6000,6000,20,dynamic,16,fresh,1,14.641145,4.860382,8.194718,27.696245
zoom-schedule-touch,omp-avx2,6000x6000.png,6000,6000,20,dynamic,16,fresh,2,14.666944,4.898860,7.962768,27.528572
zoom-schedule-touch,omp-avx2,6000x6000.png,6000,6000,20,dynamic,16,fresh,3,14.368120,4.678744,7.815749,26.862613
zoom-schedule-touch,omp-avx2,6000x6000.png,6000,6000,20,dynamic,16,fresh,4,14.416117,4.972645,8.406939,27.795701
zoom-schedule-touch,omp-avx2,6000x6000.png,6000,6000,20,dynamic,16,fresh,5,14.204091,4.834672,7.771956,26.810719
zoom-schedule-touch,omp-avx2,6000x6000.png,6000,6000,20,dynamic,16,fresh,6,14.300737,4.930496,7.961143,27.192376
zoom-schedule-touch,omp-avx2,6000x6000.png,6000,6000,20,dynamic,16,fresh,7,14.349038,4.958280,7.846615,27.153933
zoom-schedule-touch,omp-avx2,6000x6000.png,6000,6000,20,dynamic,16,fresh,8,14.307423,4.840124,7.563744,26.711291
zoom-schedule-touch,omp-avx2,6000x6000.png,6000,6000,20,dynamic,16,fresh,9,14.226286,4.916755,7.998185,27.141226
zoom-schedule-touch,omp-avx2,6000x6000.png,6000,6000,20,dynamic,16,pretouch-static,0,8.912334,7.694778,12.438846,29.045958
zoom-schedule-touch,omp-avx2,6000x6000.png,6000,6000,20,dynamic,16,pretouch-static,1,8.621079,7.640071,12.360111,28.621261
zoom-schedule-touch,omp-avx2,6000x6000.png,6000,6000,20,dynamic,16,pretouch-static,2,8.655457,7.629738,12.428427,28.713622
zoom-schedule-touch,omp-avx2,6000x6000.png,6000,6000,20,dynamic,16,pretouch-static,3,8.597340,7.834108,12.384183,28.815631
zoom-schedule-touch,omp-avx2,6000x6000.png,6000,6000,20,dynamic,16,pretouch-static,4,8.557980,7.642396,12.373814,28.574190
zoom-schedule-touch,omp-avx2,6000x6000.png,6000,6000,20,dynamic,16,pretouch-static,5,8.632171,7.598720,12.444565,28.675456
zoom-schedule-touch,omp-avx2,6000x6000.png,6000,6000,20,dynamic,16,pretouch-static,6,8.687906,7.605281,12.747443,29.040630
zoom-schedule-touch,omp-avx2,6000x6000.png,6000,6000,20,dynamic,16,pretouch-static,7,8.607649,7.542141,12.389619,28.539409
zoom-schedule-touch,omp-avx2,6000x6000.png,6000,6000,20,dynamic,16,pretouch-static,8,8.701008,7.642398,12.440343,28.783749
zoom-schedule-touch,omp-avx2,6000x6000.png,6000,6000,20,dynamic,16,pretouch-static,9,8.632513,7.666037,12.436371,28.734921
zoom-schedule-touch,omp-avx2,6000x6000.png,6000,6000,20,dynamic,64,fresh,0,14.966772,4.791266,7.081949,26.839987
zoom-schedule-touch,omp-avx2,6000x6000.png,6000,6000,20,dynamic,64,fresh,1,11.568756,4.946368,7.942021,24.457145
zoom-schedule-touch,omp-avx2,6000x6000.png,6000,6000,20,dynamic,64,fresh,2,11.432039,5.053075,7.203149,23.688263
zoom-schedule-touch,omp-avx2,6000x6000.png,6000,6000,20,dynamic,64,fresh,3,11.231381,4.979363,7.676019,23.886763
zoom-schedule-touch,omp-avx2,6000x6000.png,6000,6000,20,dynamic,64,fresh,4,10.839238,4.934620,7.369112,23.142970
zoom-schedule-touch,omp-avx2,6000x6000.png,6000,6000,20,dynamic,64,fresh,5,11.039387,5.224824,6.987366,23.251577
zoom-schedule-touch,omp-avx2,6000x6000.png,6000,6000,20,dynamic,64,fresh,6,10.901179,4.748315,7.047980,22.697474
zoom-schedule-touch,omp-avx2,6000x6000.png,6000,6000,20,dynamic,64,fresh,7,11.004070,4.705931,7.340958,23.050959
zoom-schedule-touch,omp-avx2,6000x6000.png,6000,6000,20,dynamic,64,fresh,8,11.164321,4.681888,7.569115,23.415324
zoom-schedule-touch,omp-avx2,6000x6000.png,6000,6000,20,dynamic,64,fresh,9,11.111140,4.890095,7.600227,23.601462
zoom-schedule-touch,omp-avx2,6000x6000.png,6000,6000,20,dynamic,64,pretouch-static,0,8.655461,7.685138,12.171118,28.511717
zoom-schedule-touch,omp-avx2,6000x6000.png,6000,6000,20,dynamic,64,pretouch-static,1,8.720796,7.488214,12.156884,28.365894
zoom-schedule-touch,omp-avx2,6000x6000.png,6000,6000,20,dynamic,64,pretouch-static,2,8.681543,7.481901,12.339702,28.503146
zoom-schedule-touch,omp-avx2,6000x6000.png,6000,6000,20,dynamic,64,pretouch-static,3,8.680566,7.758524,12.097792,28.536882
zoom-schedule-touch,omp-avx2,6000x6000.png,6000,6000,20,dynamic,64,pretouch-static,4,8.741315,7.734695,12.075417,28.551427
zoom-schedule-touch,omp-avx2,6000x6000.png,6000,6000,20,dynamic,64,pretouch-static,5,8.787291,7.742316,12.195948,28.725555
zoom-schedule-touch,omp-avx2,6000x6000.png,6000,6000,20,dynamic,64,pretouch-static,6,8.809949,7.705544,12.158220,28.673713
zoom-schedule-touch,omp-avx2,6000x6000.png,6000,6000,20,dynamic,64,pretouch-static,7,8.777902,7.709385,12.131187,28.618474
zoom-schedule-touch,omp-avx2,6000x6000.png,6000,6000,20,dynamic,64,pretouch-static,8,8.743573,7.796607,12.151033,28.691213
zoom-schedule-touch,omp-avx2,6000x6000.png,6000,6000,20,dynamic,64,pretouch-static,9,8.778006,7.956039,12.073844,28.807889
