Image,Operation,Variant,Phase,Width,Height,Threads,Schedule,Build,Repeat,Elapsed_ms,Hash,Reference_Hash,Exact,Differing_Bytes,Max_Abs_Error,Compiler,Flags,Hostname
6000x6000.png,Quantize,quantize_lut_profile,reset_average,6000,6000,1,static,off-avx2,1,9.726930,76c70a40b7efa3,76c70a40b7efa3,yes,0,0,12.2.0,-O3 -Wall -Wextra -std=c++17 -fopenmp -ffp-contract=off -g -DOMP_EXPLICIT_SIMD=0 -fno-tree-vectorize -march=haswell,hype5
6000x6000.png,Quantize,quantize_lut_profile,lookup_average,6000,6000,1,static,off-avx2,1,38.791606,76c70a40b7efa3,76c70a40b7efa3,yes,0,0,12.2.0,-O3 -Wall -Wextra -std=c++17 -fopenmp -ffp-contract=off -g -DOMP_EXPLICIT_SIMD=0 -fno-tree-vectorize -march=haswell,hype5
6000x6000.png,Quantize,quantize_lut_profile,reset_average,6000,6000,1,static,auto-avx2,1,9.770749,76c70a40b7efa3,76c70a40b7efa3,yes,0,0,12.2.0,-O3 -Wall -Wextra -std=c++17 -fopenmp -ffp-contract=off -g -DOMP_EXPLICIT_SIMD=0 -march=haswell,hype5
6000x6000.png,Quantize,quantize_lut_profile,lookup_average,6000,6000,1,static,auto-avx2,1,38.688833,76c70a40b7efa3,76c70a40b7efa3,yes,0,0,12.2.0,-O3 -Wall -Wextra -std=c++17 -fopenmp -ffp-contract=off -g -DOMP_EXPLICIT_SIMD=0 -march=haswell,hype5
6000x6000.png,Quantize,quantize_lut_profile,reset_average,6000,6000,1,static,omp-avx2,1,9.750613,76c70a40b7efa3,76c70a40b7efa3,yes,0,0,12.2.0,-O3 -Wall -Wextra -std=c++17 -fopenmp -ffp-contract=off -g -DOMP_EXPLICIT_SIMD=1 -march=haswell,hype5
6000x6000.png,Quantize,quantize_lut_profile,lookup_average,6000,6000,1,static,omp-avx2,1,64.296599,76c70a40b7efa3,76c70a40b7efa3,yes,0,0,12.2.0,-O3 -Wall -Wextra -std=c++17 -fopenmp -ffp-contract=off -g -DOMP_EXPLICIT_SIMD=1 -march=haswell,hype5
6000x6000.png,Quantize,quantize_lut_profile,reset_average,6000,6000,1,static,auto-avx2,2,9.768731,76c70a40b7efa3,76c70a40b7efa3,yes,0,0,12.2.0,-O3 -Wall -Wextra -std=c++17 -fopenmp -ffp-contract=off -g -DOMP_EXPLICIT_SIMD=0 -march=haswell,hype5
6000x6000.png,Quantize,quantize_lut_profile,lookup_average,6000,6000,1,static,auto-avx2,2,39.100654,76c70a40b7efa3,76c70a40b7efa3,yes,0,0,12.2.0,-O3 -Wall -Wextra -std=c++17 -fopenmp -ffp-contract=off -g -DOMP_EXPLICIT_SIMD=0 -march=haswell,hype5
6000x6000.png,Quantize,quantize_lut_profile,reset_average,6000,6000,1,static,omp-avx2,2,9.742263,76c70a40b7efa3,76c70a40b7efa3,yes,0,0,12.2.0,-O3 -Wall -Wextra -std=c++17 -fopenmp -ffp-contract=off -g -DOMP_EXPLICIT_SIMD=1 -march=haswell,hype5
6000x6000.png,Quantize,quantize_lut_profile,lookup_average,6000,6000,1,static,omp-avx2,2,64.276845,76c70a40b7efa3,76c70a40b7efa3,yes,0,0,12.2.0,-O3 -Wall -Wextra -std=c++17 -fopenmp -ffp-contract=off -g -DOMP_EXPLICIT_SIMD=1 -march=haswell,hype5
6000x6000.png,Quantize,quantize_lut_profile,reset_average,6000,6000,1,static,off-avx2,2,9.760869,76c70a40b7efa3,76c70a40b7efa3,yes,0,0,12.2.0,-O3 -Wall -Wextra -std=c++17 -fopenmp -ffp-contract=off -g -DOMP_EXPLICIT_SIMD=0 -fno-tree-vectorize -march=haswell,hype5
6000x6000.png,Quantize,quantize_lut_profile,lookup_average,6000,6000,1,static,off-avx2,2,38.435116,76c70a40b7efa3,76c70a40b7efa3,yes,0,0,12.2.0,-O3 -Wall -Wextra -std=c++17 -fopenmp -ffp-contract=off -g -DOMP_EXPLICIT_SIMD=0 -fno-tree-vectorize -march=haswell,hype5
6000x6000.png,Quantize,quantize_lut_profile,reset_average,6000,6000,1,static,omp-avx2,3,10.066874,76c70a40b7efa3,76c70a40b7efa3,yes,0,0,12.2.0,-O3 -Wall -Wextra -std=c++17 -fopenmp -ffp-contract=off -g -DOMP_EXPLICIT_SIMD=1 -march=haswell,hype5
6000x6000.png,Quantize,quantize_lut_profile,lookup_average,6000,6000,1,static,omp-avx2,3,64.070144,76c70a40b7efa3,76c70a40b7efa3,yes,0,0,12.2.0,-O3 -Wall -Wextra -std=c++17 -fopenmp -ffp-contract=off -g -DOMP_EXPLICIT_SIMD=1 -march=haswell,hype5
6000x6000.png,Quantize,quantize_lut_profile,reset_average,6000,6000,1,static,off-avx2,3,9.790501,76c70a40b7efa3,76c70a40b7efa3,yes,0,0,12.2.0,-O3 -Wall -Wextra -std=c++17 -fopenmp -ffp-contract=off -g -DOMP_EXPLICIT_SIMD=0 -fno-tree-vectorize -march=haswell,hype5
6000x6000.png,Quantize,quantize_lut_profile,lookup_average,6000,6000,1,static,off-avx2,3,38.681013,76c70a40b7efa3,76c70a40b7efa3,yes,0,0,12.2.0,-O3 -Wall -Wextra -std=c++17 -fopenmp -ffp-contract=off -g -DOMP_EXPLICIT_SIMD=0 -fno-tree-vectorize -march=haswell,hype5
6000x6000.png,Quantize,quantize_lut_profile,reset_average,6000,6000,1,static,auto-avx2,3,10.133141,76c70a40b7efa3,76c70a40b7efa3,yes,0,0,12.2.0,-O3 -Wall -Wextra -std=c++17 -fopenmp -ffp-contract=off -g -DOMP_EXPLICIT_SIMD=0 -march=haswell,hype5
6000x6000.png,Quantize,quantize_lut_profile,lookup_average,6000,6000,1,static,auto-avx2,3,39.076398,76c70a40b7efa3,76c70a40b7efa3,yes,0,0,12.2.0,-O3 -Wall -Wextra -std=c++17 -fopenmp -ffp-contract=off -g -DOMP_EXPLICIT_SIMD=0 -march=haswell,hype5
6000x6000.png,Quantize,quantize_lut_profile,reset_average,6000,6000,1,static,off-avx2,4,9.763395,76c70a40b7efa3,76c70a40b7efa3,yes,0,0,12.2.0,-O3 -Wall -Wextra -std=c++17 -fopenmp -ffp-contract=off -g -DOMP_EXPLICIT_SIMD=0 -fno-tree-vectorize -march=haswell,hype5
6000x6000.png,Quantize,quantize_lut_profile,lookup_average,6000,6000,1,static,off-avx2,4,38.706648,76c70a40b7efa3,76c70a40b7efa3,yes,0,0,12.2.0,-O3 -Wall -Wextra -std=c++17 -fopenmp -ffp-contract=off -g -DOMP_EXPLICIT_SIMD=0 -fno-tree-vectorize -march=haswell,hype5
6000x6000.png,Quantize,quantize_lut_profile,reset_average,6000,6000,1,static,auto-avx2,4,9.816645,76c70a40b7efa3,76c70a40b7efa3,yes,0,0,12.2.0,-O3 -Wall -Wextra -std=c++17 -fopenmp -ffp-contract=off -g -DOMP_EXPLICIT_SIMD=0 -march=haswell,hype5
6000x6000.png,Quantize,quantize_lut_profile,lookup_average,6000,6000,1,static,auto-avx2,4,38.508160,76c70a40b7efa3,76c70a40b7efa3,yes,0,0,12.2.0,-O3 -Wall -Wextra -std=c++17 -fopenmp -ffp-contract=off -g -DOMP_EXPLICIT_SIMD=0 -march=haswell,hype5
6000x6000.png,Quantize,quantize_lut_profile,reset_average,6000,6000,1,static,omp-avx2,4,9.726732,76c70a40b7efa3,76c70a40b7efa3,yes,0,0,12.2.0,-O3 -Wall -Wextra -std=c++17 -fopenmp -ffp-contract=off -g -DOMP_EXPLICIT_SIMD=1 -march=haswell,hype5
6000x6000.png,Quantize,quantize_lut_profile,lookup_average,6000,6000,1,static,omp-avx2,4,64.389000,76c70a40b7efa3,76c70a40b7efa3,yes,0,0,12.2.0,-O3 -Wall -Wextra -std=c++17 -fopenmp -ffp-contract=off -g -DOMP_EXPLICIT_SIMD=1 -march=haswell,hype5
6000x6000.png,Quantize,quantize_lut_profile,reset_average,6000,6000,1,static,auto-avx2,5,9.927752,76c70a40b7efa3,76c70a40b7efa3,yes,0,0,12.2.0,-O3 -Wall -Wextra -std=c++17 -fopenmp -ffp-contract=off -g -DOMP_EXPLICIT_SIMD=0 -march=haswell,hype5
6000x6000.png,Quantize,quantize_lut_profile,lookup_average,6000,6000,1,static,auto-avx2,5,38.679112,76c70a40b7efa3,76c70a40b7efa3,yes,0,0,12.2.0,-O3 -Wall -Wextra -std=c++17 -fopenmp -ffp-contract=off -g -DOMP_EXPLICIT_SIMD=0 -march=haswell,hype5
6000x6000.png,Quantize,quantize_lut_profile,reset_average,6000,6000,1,static,omp-avx2,5,9.746555,76c70a40b7efa3,76c70a40b7efa3,yes,0,0,12.2.0,-O3 -Wall -Wextra -std=c++17 -fopenmp -ffp-contract=off -g -DOMP_EXPLICIT_SIMD=1 -march=haswell,hype5
6000x6000.png,Quantize,quantize_lut_profile,lookup_average,6000,6000,1,static,omp-avx2,5,64.437088,76c70a40b7efa3,76c70a40b7efa3,yes,0,0,12.2.0,-O3 -Wall -Wextra -std=c++17 -fopenmp -ffp-contract=off -g -DOMP_EXPLICIT_SIMD=1 -march=haswell,hype5
6000x6000.png,Quantize,quantize_lut_profile,reset_average,6000,6000,1,static,off-avx2,5,9.839169,76c70a40b7efa3,76c70a40b7efa3,yes,0,0,12.2.0,-O3 -Wall -Wextra -std=c++17 -fopenmp -ffp-contract=off -g -DOMP_EXPLICIT_SIMD=0 -fno-tree-vectorize -march=haswell,hype5
6000x6000.png,Quantize,quantize_lut_profile,lookup_average,6000,6000,1,static,off-avx2,5,38.481680,76c70a40b7efa3,76c70a40b7efa3,yes,0,0,12.2.0,-O3 -Wall -Wextra -std=c++17 -fopenmp -ffp-contract=off -g -DOMP_EXPLICIT_SIMD=0 -fno-tree-vectorize -march=haswell,hype5
6000x6000.png,Quantize,quantize_lut_profile,reset_average,6000,6000,1,static,omp-avx2,6,9.769528,76c70a40b7efa3,76c70a40b7efa3,yes,0,0,12.2.0,-O3 -Wall -Wextra -std=c++17 -fopenmp -ffp-contract=off -g -DOMP_EXPLICIT_SIMD=1 -march=haswell,hype5
6000x6000.png,Quantize,quantize_lut_profile,lookup_average,6000,6000,1,static,omp-avx2,6,65.005786,76c70a40b7efa3,76c70a40b7efa3,yes,0,0,12.2.0,-O3 -Wall -Wextra -std=c++17 -fopenmp -ffp-contract=off -g -DOMP_EXPLICIT_SIMD=1 -march=haswell,hype5
6000x6000.png,Quantize,quantize_lut_profile,reset_average,6000,6000,1,static,off-avx2,6,9.743319,76c70a40b7efa3,76c70a40b7efa3,yes,0,0,12.2.0,-O3 -Wall -Wextra -std=c++17 -fopenmp -ffp-contract=off -g -DOMP_EXPLICIT_SIMD=0 -fno-tree-vectorize -march=haswell,hype5
6000x6000.png,Quantize,quantize_lut_profile,lookup_average,6000,6000,1,static,off-avx2,6,38.385965,76c70a40b7efa3,76c70a40b7efa3,yes,0,0,12.2.0,-O3 -Wall -Wextra -std=c++17 -fopenmp -ffp-contract=off -g -DOMP_EXPLICIT_SIMD=0 -fno-tree-vectorize -march=haswell,hype5
6000x6000.png,Quantize,quantize_lut_profile,reset_average,6000,6000,1,static,auto-avx2,6,10.247991,76c70a40b7efa3,76c70a40b7efa3,yes,0,0,12.2.0,-O3 -Wall -Wextra -std=c++17 -fopenmp -ffp-contract=off -g -DOMP_EXPLICIT_SIMD=0 -march=haswell,hype5
6000x6000.png,Quantize,quantize_lut_profile,lookup_average,6000,6000,1,static,auto-avx2,6,39.736835,76c70a40b7efa3,76c70a40b7efa3,yes,0,0,12.2.0,-O3 -Wall -Wextra -std=c++17 -fopenmp -ffp-contract=off -g -DOMP_EXPLICIT_SIMD=0 -march=haswell,hype5
6000x6000.png,Quantize,quantize_lut_profile,reset_average,6000,6000,1,static,off-avx2,7,9.792333,76c70a40b7efa3,76c70a40b7efa3,yes,0,0,12.2.0,-O3 -Wall -Wextra -std=c++17 -fopenmp -ffp-contract=off -g -DOMP_EXPLICIT_SIMD=0 -fno-tree-vectorize -march=haswell,hype5
6000x6000.png,Quantize,quantize_lut_profile,lookup_average,6000,6000,1,static,off-avx2,7,38.352680,76c70a40b7efa3,76c70a40b7efa3,yes,0,0,12.2.0,-O3 -Wall -Wextra -std=c++17 -fopenmp -ffp-contract=off -g -DOMP_EXPLICIT_SIMD=0 -fno-tree-vectorize -march=haswell,hype5
6000x6000.png,Quantize,quantize_lut_profile,reset_average,6000,6000,1,static,auto-avx2,7,9.757220,76c70a40b7efa3,76c70a40b7efa3,yes,0,0,12.2.0,-O3 -Wall -Wextra -std=c++17 -fopenmp -ffp-contract=off -g -DOMP_EXPLICIT_SIMD=0 -march=haswell,hype5
6000x6000.png,Quantize,quantize_lut_profile,lookup_average,6000,6000,1,static,auto-avx2,7,38.785540,76c70a40b7efa3,76c70a40b7efa3,yes,0,0,12.2.0,-O3 -Wall -Wextra -std=c++17 -fopenmp -ffp-contract=off -g -DOMP_EXPLICIT_SIMD=0 -march=haswell,hype5
6000x6000.png,Quantize,quantize_lut_profile,reset_average,6000,6000,1,static,omp-avx2,7,9.768895,76c70a40b7efa3,76c70a40b7efa3,yes,0,0,12.2.0,-O3 -Wall -Wextra -std=c++17 -fopenmp -ffp-contract=off -g -DOMP_EXPLICIT_SIMD=1 -march=haswell,hype5
6000x6000.png,Quantize,quantize_lut_profile,lookup_average,6000,6000,1,static,omp-avx2,7,64.056955,76c70a40b7efa3,76c70a40b7efa3,yes,0,0,12.2.0,-O3 -Wall -Wextra -std=c++17 -fopenmp -ffp-contract=off -g -DOMP_EXPLICIT_SIMD=1 -march=haswell,hype5
6000x6000.png,Quantize,quantize_lut_profile,reset_average,6000,6000,1,static,auto-avx2,8,9.775321,76c70a40b7efa3,76c70a40b7efa3,yes,0,0,12.2.0,-O3 -Wall -Wextra -std=c++17 -fopenmp -ffp-contract=off -g -DOMP_EXPLICIT_SIMD=0 -march=haswell,hype5
6000x6000.png,Quantize,quantize_lut_profile,lookup_average,6000,6000,1,static,auto-avx2,8,38.737051,76c70a40b7efa3,76c70a40b7efa3,yes,0,0,12.2.0,-O3 -Wall -Wextra -std=c++17 -fopenmp -ffp-contract=off -g -DOMP_EXPLICIT_SIMD=0 -march=haswell,hype5
6000x6000.png,Quantize,quantize_lut_profile,reset_average,6000,6000,1,static,omp-avx2,8,9.784806,76c70a40b7efa3,76c70a40b7efa3,yes,0,0,12.2.0,-O3 -Wall -Wextra -std=c++17 -fopenmp -ffp-contract=off -g -DOMP_EXPLICIT_SIMD=1 -march=haswell,hype5
6000x6000.png,Quantize,quantize_lut_profile,lookup_average,6000,6000,1,static,omp-avx2,8,64.237265,76c70a40b7efa3,76c70a40b7efa3,yes,0,0,12.2.0,-O3 -Wall -Wextra -std=c++17 -fopenmp -ffp-contract=off -g -DOMP_EXPLICIT_SIMD=1 -march=haswell,hype5
6000x6000.png,Quantize,quantize_lut_profile,reset_average,6000,6000,1,static,off-avx2,8,9.754267,76c70a40b7efa3,76c70a40b7efa3,yes,0,0,12.2.0,-O3 -Wall -Wextra -std=c++17 -fopenmp -ffp-contract=off -g -DOMP_EXPLICIT_SIMD=0 -fno-tree-vectorize -march=haswell,hype5
6000x6000.png,Quantize,quantize_lut_profile,lookup_average,6000,6000,1,static,off-avx2,8,39.111482,76c70a40b7efa3,76c70a40b7efa3,yes,0,0,12.2.0,-O3 -Wall -Wextra -std=c++17 -fopenmp -ffp-contract=off -g -DOMP_EXPLICIT_SIMD=0 -fno-tree-vectorize -march=haswell,hype5
6000x6000.png,Quantize,quantize_lut_profile,reset_average,6000,6000,1,static,omp-avx2,9,9.769637,76c70a40b7efa3,76c70a40b7efa3,yes,0,0,12.2.0,-O3 -Wall -Wextra -std=c++17 -fopenmp -ffp-contract=off -g -DOMP_EXPLICIT_SIMD=1 -march=haswell,hype5
6000x6000.png,Quantize,quantize_lut_profile,lookup_average,6000,6000,1,static,omp-avx2,9,64.476124,76c70a40b7efa3,76c70a40b7efa3,yes,0,0,12.2.0,-O3 -Wall -Wextra -std=c++17 -fopenmp -ffp-contract=off -g -DOMP_EXPLICIT_SIMD=1 -march=haswell,hype5
6000x6000.png,Quantize,quantize_lut_profile,reset_average,6000,6000,1,static,off-avx2,9,9.982775,76c70a40b7efa3,76c70a40b7efa3,yes,0,0,12.2.0,-O3 -Wall -Wextra -std=c++17 -fopenmp -ffp-contract=off -g -DOMP_EXPLICIT_SIMD=0 -fno-tree-vectorize -march=haswell,hype5
6000x6000.png,Quantize,quantize_lut_profile,lookup_average,6000,6000,1,static,off-avx2,9,38.770241,76c70a40b7efa3,76c70a40b7efa3,yes,0,0,12.2.0,-O3 -Wall -Wextra -std=c++17 -fopenmp -ffp-contract=off -g -DOMP_EXPLICIT_SIMD=0 -fno-tree-vectorize -march=haswell,hype5
6000x6000.png,Quantize,quantize_lut_profile,reset_average,6000,6000,1,static,auto-avx2,9,9.999844,76c70a40b7efa3,76c70a40b7efa3,yes,0,0,12.2.0,-O3 -Wall -Wextra -std=c++17 -fopenmp -ffp-contract=off -g -DOMP_EXPLICIT_SIMD=0 -march=haswell,hype5
6000x6000.png,Quantize,quantize_lut_profile,lookup_average,6000,6000,1,static,auto-avx2,9,38.726312,76c70a40b7efa3,76c70a40b7efa3,yes,0,0,12.2.0,-O3 -Wall -Wextra -std=c++17 -fopenmp -ffp-contract=off -g -DOMP_EXPLICIT_SIMD=0 -march=haswell,hype5
6000x6000.png,Quantize,quantize_lut_profile,reset_average,6000,6000,1,static,off-avx2,10,9.768580,76c70a40b7efa3,76c70a40b7efa3,yes,0,0,12.2.0,-O3 -Wall -Wextra -std=c++17 -fopenmp -ffp-contract=off -g -DOMP_EXPLICIT_SIMD=0 -fno-tree-vectorize -march=haswell,hype5
6000x6000.png,Quantize,quantize_lut_profile,lookup_average,6000,6000,1,static,off-avx2,10,38.429842,76c70a40b7efa3,76c70a40b7efa3,yes,0,0,12.2.0,-O3 -Wall -Wextra -std=c++17 -fopenmp -ffp-contract=off -g -DOMP_EXPLICIT_SIMD=0 -fno-tree-vectorize -march=haswell,hype5
6000x6000.png,Quantize,quantize_lut_profile,reset_average,6000,6000,1,static,auto-avx2,10,9.750241,76c70a40b7efa3,76c70a40b7efa3,yes,0,0,12.2.0,-O3 -Wall -Wextra -std=c++17 -fopenmp -ffp-contract=off -g -DOMP_EXPLICIT_SIMD=0 -march=haswell,hype5
6000x6000.png,Quantize,quantize_lut_profile,lookup_average,6000,6000,1,static,auto-avx2,10,39.068214,76c70a40b7efa3,76c70a40b7efa3,yes,0,0,12.2.0,-O3 -Wall -Wextra -std=c++17 -fopenmp -ffp-contract=off -g -DOMP_EXPLICIT_SIMD=0 -march=haswell,hype5
6000x6000.png,Quantize,quantize_lut_profile,reset_average,6000,6000,1,static,omp-avx2,10,9.315531,76c70a40b7efa3,76c70a40b7efa3,yes,0,0,12.2.0,-O3 -Wall -Wextra -std=c++17 -fopenmp -ffp-contract=off -g -DOMP_EXPLICIT_SIMD=1 -march=haswell,hype5
6000x6000.png,Quantize,quantize_lut_profile,lookup_average,6000,6000,1,static,omp-avx2,10,65.404304,76c70a40b7efa3,76c70a40b7efa3,yes,0,0,12.2.0,-O3 -Wall -Wextra -std=c++17 -fopenmp -ffp-contract=off -g -DOMP_EXPLICIT_SIMD=1 -march=haswell,hype5
6000x6000.png,Quantize,quantize_lut_profile,reset_average,6000,6000,20,static,off-avx2,1,9.424924,76c70a40b7efa3,76c70a40b7efa3,yes,0,0,12.2.0,-O3 -Wall -Wextra -std=c++17 -fopenmp -ffp-contract=off -g -DOMP_EXPLICIT_SIMD=0 -fno-tree-vectorize -march=haswell,hype5
6000x6000.png,Quantize,quantize_lut_profile,lookup_average,6000,6000,20,static,off-avx2,1,3.898423,76c70a40b7efa3,76c70a40b7efa3,yes,0,0,12.2.0,-O3 -Wall -Wextra -std=c++17 -fopenmp -ffp-contract=off -g -DOMP_EXPLICIT_SIMD=0 -fno-tree-vectorize -march=haswell,hype5
6000x6000.png,Quantize,quantize_lut_profile,reset_average,6000,6000,20,static,auto-avx2,1,9.383833,76c70a40b7efa3,76c70a40b7efa3,yes,0,0,12.2.0,-O3 -Wall -Wextra -std=c++17 -fopenmp -ffp-contract=off -g -DOMP_EXPLICIT_SIMD=0 -march=haswell,hype5
6000x6000.png,Quantize,quantize_lut_profile,lookup_average,6000,6000,20,static,auto-avx2,1,4.617391,76c70a40b7efa3,76c70a40b7efa3,yes,0,0,12.2.0,-O3 -Wall -Wextra -std=c++17 -fopenmp -ffp-contract=off -g -DOMP_EXPLICIT_SIMD=0 -march=haswell,hype5
6000x6000.png,Quantize,quantize_lut_profile,reset_average,6000,6000,20,static,omp-avx2,1,9.355073,76c70a40b7efa3,76c70a40b7efa3,yes,0,0,12.2.0,-O3 -Wall -Wextra -std=c++17 -fopenmp -ffp-contract=off -g -DOMP_EXPLICIT_SIMD=1 -march=haswell,hype5
6000x6000.png,Quantize,quantize_lut_profile,lookup_average,6000,6000,20,static,omp-avx2,1,4.446560,76c70a40b7efa3,76c70a40b7efa3,yes,0,0,12.2.0,-O3 -Wall -Wextra -std=c++17 -fopenmp -ffp-contract=off -g -DOMP_EXPLICIT_SIMD=1 -march=haswell,hype5
6000x6000.png,Quantize,quantize_lut_profile,reset_average,6000,6000,20,static,auto-avx2,2,9.441581,76c70a40b7efa3,76c70a40b7efa3,yes,0,0,12.2.0,-O3 -Wall -Wextra -std=c++17 -fopenmp -ffp-contract=off -g -DOMP_EXPLICIT_SIMD=0 -march=haswell,hype5
6000x6000.png,Quantize,quantize_lut_profile,lookup_average,6000,6000,20,static,auto-avx2,2,4.002119,76c70a40b7efa3,76c70a40b7efa3,yes,0,0,12.2.0,-O3 -Wall -Wextra -std=c++17 -fopenmp -ffp-contract=off -g -DOMP_EXPLICIT_SIMD=0 -march=haswell,hype5
6000x6000.png,Quantize,quantize_lut_profile,reset_average,6000,6000,20,static,omp-avx2,2,9.362897,76c70a40b7efa3,76c70a40b7efa3,yes,0,0,12.2.0,-O3 -Wall -Wextra -std=c++17 -fopenmp -ffp-contract=off -g -DOMP_EXPLICIT_SIMD=1 -march=haswell,hype5
6000x6000.png,Quantize,quantize_lut_profile,lookup_average,6000,6000,20,static,omp-avx2,2,4.441613,76c70a40b7efa3,76c70a40b7efa3,yes,0,0,12.2.0,-O3 -Wall -Wextra -std=c++17 -fopenmp -ffp-contract=off -g -DOMP_EXPLICIT_SIMD=1 -march=haswell,hype5
6000x6000.png,Quantize,quantize_lut_profile,reset_average,6000,6000,20,static,off-avx2,2,9.399863,76c70a40b7efa3,76c70a40b7efa3,yes,0,0,12.2.0,-O3 -Wall -Wextra -std=c++17 -fopenmp -ffp-contract=off -g -DOMP_EXPLICIT_SIMD=0 -fno-tree-vectorize -march=haswell,hype5
6000x6000.png,Quantize,quantize_lut_profile,lookup_average,6000,6000,20,static,off-avx2,2,3.961002,76c70a40b7efa3,76c70a40b7efa3,yes,0,0,12.2.0,-O3 -Wall -Wextra -std=c++17 -fopenmp -ffp-contract=off -g -DOMP_EXPLICIT_SIMD=0 -fno-tree-vectorize -march=haswell,hype5
6000x6000.png,Quantize,quantize_lut_profile,reset_average,6000,6000,20,static,omp-avx2,3,9.513487,76c70a40b7efa3,76c70a40b7efa3,yes,0,0,12.2.0,-O3 -Wall -Wextra -std=c++17 -fopenmp -ffp-contract=off -g -DOMP_EXPLICIT_SIMD=1 -march=haswell,hype5
6000x6000.png,Quantize,quantize_lut_profile,lookup_average,6000,6000,20,static,omp-avx2,3,4.744848,76c70a40b7efa3,76c70a40b7efa3,yes,0,0,12.2.0,-O3 -Wall -Wextra -std=c++17 -fopenmp -ffp-contract=off -g -DOMP_EXPLICIT_SIMD=1 -march=haswell,hype5
6000x6000.png,Quantize,quantize_lut_profile,reset_average,6000,6000,20,static,off-avx2,3,9.478299,76c70a40b7efa3,76c70a40b7efa3,yes,0,0,12.2.0,-O3 -Wall -Wextra -std=c++17 -fopenmp -ffp-contract=off -g -DOMP_EXPLICIT_SIMD=0 -fno-tree-vectorize -march=haswell,hype5
6000x6000.png,Quantize,quantize_lut_profile,lookup_average,6000,6000,20,static,off-avx2,3,3.841554,76c70a40b7efa3,76c70a40b7efa3,yes,0,0,12.2.0,-O3 -Wall -Wextra -std=c++17 -fopenmp -ffp-contract=off -g -DOMP_EXPLICIT_SIMD=0 -fno-tree-vectorize -march=haswell,hype5
6000x6000.png,Quantize,quantize_lut_profile,reset_average,6000,6000,20,static,auto-avx2,3,9.556704,76c70a40b7efa3,76c70a40b7efa3,yes,0,0,12.2.0,-O3 -Wall -Wextra -std=c++17 -fopenmp -ffp-contract=off -g -DOMP_EXPLICIT_SIMD=0 -march=haswell,hype5
6000x6000.png,Quantize,quantize_lut_profile,lookup_average,6000,6000,20,static,auto-avx2,3,3.932735,76c70a40b7efa3,76c70a40b7efa3,yes,0,0,12.2.0,-O3 -Wall -Wextra -std=c++17 -fopenmp -ffp-contract=off -g -DOMP_EXPLICIT_SIMD=0 -march=haswell,hype5
6000x6000.png,Quantize,quantize_lut_profile,reset_average,6000,6000,20,static,off-avx2,4,9.464199,76c70a40b7efa3,76c70a40b7efa3,yes,0,0,12.2.0,-O3 -Wall -Wextra -std=c++17 -fopenmp -ffp-contract=off -g -DOMP_EXPLICIT_SIMD=0 -fno-tree-vectorize -march=haswell,hype5
6000x6000.png,Quantize,quantize_lut_profile,lookup_average,6000,6000,20,static,off-avx2,4,3.818778,76c70a40b7efa3,76c70a40b7efa3,yes,0,0,12.2.0,-O3 -Wall -Wextra -std=c++17 -fopenmp -ffp-contract=off -g -DOMP_EXPLICIT_SIMD=0 -fno-tree-vectorize -march=haswell,hype5
6000x6000.png,Quantize,quantize_lut_profile,reset_average,6000,6000,20,static,auto-avx2,4,9.432217,76c70a40b7efa3,76c70a40b7efa3,yes,0,0,12.2.0,-O3 -Wall -Wextra -std=c++17 -fopenmp -ffp-contract=off -g -DOMP_EXPLICIT_SIMD=0 -march=haswell,hype5
6000x6000.png,Quantize,quantize_lut_profile,lookup_average,6000,6000,20,static,auto-avx2,4,3.929051,76c70a40b7efa3,76c70a40b7efa3,yes,0,0,12.2.0,-O3 -Wall -Wextra -std=c++17 -fopenmp -ffp-contract=off -g -DOMP_EXPLICIT_SIMD=0 -march=haswell,hype5
6000x6000.png,Quantize,quantize_lut_profile,reset_average,6000,6000,20,static,omp-avx2,4,9.581889,76c70a40b7efa3,76c70a40b7efa3,yes,0,0,12.2.0,-O3 -Wall -Wextra -std=c++17 -fopenmp -ffp-contract=off -g -DOMP_EXPLICIT_SIMD=1 -march=haswell,hype5
6000x6000.png,Quantize,quantize_lut_profile,lookup_average,6000,6000,20,static,omp-avx2,4,4.490003,76c70a40b7efa3,76c70a40b7efa3,yes,0,0,12.2.0,-O3 -Wall -Wextra -std=c++17 -fopenmp -ffp-contract=off -g -DOMP_EXPLICIT_SIMD=1 -march=haswell,hype5
6000x6000.png,Quantize,quantize_lut_profile,reset_average,6000,6000,20,static,auto-avx2,5,9.371806,76c70a40b7efa3,76c70a40b7efa3,yes,0,0,12.2.0,-O3 -Wall -Wextra -std=c++17 -fopenmp -ffp-contract=off -g -DOMP_EXPLICIT_SIMD=0 -march=haswell,hype5
6000x6000.png,Quantize,quantize_lut_profile,lookup_average,6000,6000,20,static,auto-avx2,5,3.873473,76c70a40b7efa3,76c70a40b7efa3,yes,0,0,12.2.0,-O3 -Wall -Wextra -std=c++17 -fopenmp -ffp-contract=off -g -DOMP_EXPLICIT_SIMD=0 -march=haswell,hype5
6000x6000.png,Quantize,quantize_lut_profile,reset_average,6000,6000,20,static,omp-avx2,5,9.389490,76c70a40b7efa3,76c70a40b7efa3,yes,0,0,12.2.0,-O3 -Wall -Wextra -std=c++17 -fopenmp -ffp-contract=off -g -DOMP_EXPLICIT_SIMD=1 -march=haswell,hype5
6000x6000.png,Quantize,quantize_lut_profile,lookup_average,6000,6000,20,static,omp-avx2,5,4.461140,76c70a40b7efa3,76c70a40b7efa3,yes,0,0,12.2.0,-O3 -Wall -Wextra -std=c++17 -fopenmp -ffp-contract=off -g -DOMP_EXPLICIT_SIMD=1 -march=haswell,hype5
6000x6000.png,Quantize,quantize_lut_profile,reset_average,6000,6000,20,static,off-avx2,5,9.506043,76c70a40b7efa3,76c70a40b7efa3,yes,0,0,12.2.0,-O3 -Wall -Wextra -std=c++17 -fopenmp -ffp-contract=off -g -DOMP_EXPLICIT_SIMD=0 -fno-tree-vectorize -march=haswell,hype5
6000x6000.png,Quantize,quantize_lut_profile,lookup_average,6000,6000,20,static,off-avx2,5,3.756241,76c70a40b7efa3,76c70a40b7efa3,yes,0,0,12.2.0,-O3 -Wall -Wextra -std=c++17 -fopenmp -ffp-contract=off -g -DOMP_EXPLICIT_SIMD=0 -fno-tree-vectorize -march=haswell,hype5
6000x6000.png,Quantize,quantize_lut_profile,reset_average,6000,6000,20,static,omp-avx2,6,9.422169,76c70a40b7efa3,76c70a40b7efa3,yes,0,0,12.2.0,-O3 -Wall -Wextra -std=c++17 -fopenmp -ffp-contract=off -g -DOMP_EXPLICIT_SIMD=1 -march=haswell,hype5
6000x6000.png,Quantize,quantize_lut_profile,lookup_average,6000,6000,20,static,omp-avx2,6,4.514612,76c70a40b7efa3,76c70a40b7efa3,yes,0,0,12.2.0,-O3 -Wall -Wextra -std=c++17 -fopenmp -ffp-contract=off -g -DOMP_EXPLICIT_SIMD=1 -march=haswell,hype5
6000x6000.png,Quantize,quantize_lut_profile,reset_average,6000,6000,20,static,off-avx2,6,9.665818,76c70a40b7efa3,76c70a40b7efa3,yes,0,0,12.2.0,-O3 -Wall -Wextra -std=c++17 -fopenmp -ffp-contract=off -g -DOMP_EXPLICIT_SIMD=0 -fno-tree-vectorize -march=haswell,hype5
6000x6000.png,Quantize,quantize_lut_profile,lookup_average,6000,6000,20,static,off-avx2,6,3.820929,76c70a40b7efa3,76c70a40b7efa3,yes,0,0,12.2.0,-O3 -Wall -Wextra -std=c++17 -fopenmp -ffp-contract=off -g -DOMP_EXPLICIT_SIMD=0 -fno-tree-vectorize -march=haswell,hype5
6000x6000.png,Quantize,quantize_lut_profile,reset_average,6000,6000,20,static,auto-avx2,6,9.494921,76c70a40b7efa3,76c70a40b7efa3,yes,0,0,12.2.0,-O3 -Wall -Wextra -std=c++17 -fopenmp -ffp-contract=off -g -DOMP_EXPLICIT_SIMD=0 -march=haswell,hype5
6000x6000.png,Quantize,quantize_lut_profile,lookup_average,6000,6000,20,static,auto-avx2,6,3.906883,76c70a40b7efa3,76c70a40b7efa3,yes,0,0,12.2.0,-O3 -Wall -Wextra -std=c++17 -fopenmp -ffp-contract=off -g -DOMP_EXPLICIT_SIMD=0 -march=haswell,hype5
6000x6000.png,Quantize,quantize_lut_profile,reset_average,6000,6000,20,static,off-avx2,7,9.417409,76c70a40b7efa3,76c70a40b7efa3,yes,0,0,12.2.0,-O3 -Wall -Wextra -std=c++17 -fopenmp -ffp-contract=off -g -DOMP_EXPLICIT_SIMD=0 -fno-tree-vectorize -march=haswell,hype5
6000x6000.png,Quantize,quantize_lut_profile,lookup_average,6000,6000,20,static,off-avx2,7,3.777567,76c70a40b7efa3,76c70a40b7efa3,yes,0,0,12.2.0,-O3 -Wall -Wextra -std=c++17 -fopenmp -ffp-contract=off -g -DOMP_EXPLICIT_SIMD=0 -fno-tree-vectorize -march=haswell,hype5
6000x6000.png,Quantize,quantize_lut_profile,reset_average,6000,6000,20,static,auto-avx2,7,9.505168,76c70a40b7efa3,76c70a40b7efa3,yes,0,0,12.2.0,-O3 -Wall -Wextra -std=c++17 -fopenmp -ffp-contract=off -g -DOMP_EXPLICIT_SIMD=0 -march=haswell,hype5
6000x6000.png,Quantize,quantize_lut_profile,lookup_average,6000,6000,20,static,auto-avx2,7,4.029269,76c70a40b7efa3,76c70a40b7efa3,yes,0,0,12.2.0,-O3 -Wall -Wextra -std=c++17 -fopenmp -ffp-contract=off -g -DOMP_EXPLICIT_SIMD=0 -march=haswell,hype5
6000x6000.png,Quantize,quantize_lut_profile,reset_average,6000,6000,20,static,omp-avx2,7,9.363066,76c70a40b7efa3,76c70a40b7efa3,yes,0,0,12.2.0,-O3 -Wall -Wextra -std=c++17 -fopenmp -ffp-contract=off -g -DOMP_EXPLICIT_SIMD=1 -march=haswell,hype5
6000x6000.png,Quantize,quantize_lut_profile,lookup_average,6000,6000,20,static,omp-avx2,7,4.502279,76c70a40b7efa3,76c70a40b7efa3,yes,0,0,12.2.0,-O3 -Wall -Wextra -std=c++17 -fopenmp -ffp-contract=off -g -DOMP_EXPLICIT_SIMD=1 -march=haswell,hype5
6000x6000.png,Quantize,quantize_lut_profile,reset_average,6000,6000,20,static,auto-avx2,8,9.407328,76c70a40b7efa3,76c70a40b7efa3,yes,0,0,12.2.0,-O3 -Wall -Wextra -std=c++17 -fopenmp -ffp-contract=off -g -DOMP_EXPLICIT_SIMD=0 -march=haswell,hype5
6000x6000.png,Quantize,quantize_lut_profile,lookup_average,6000,6000,20,static,auto-avx2,8,3.887868,76c70a40b7efa3,76c70a40b7efa3,yes,0,0,12.2.0,-O3 -Wall -Wextra -std=c++17 -fopenmp -ffp-contract=off -g -DOMP_EXPLICIT_SIMD=0 -march=haswell,hype5
6000x6000.png,Quantize,quantize_lut_profile,reset_average,6000,6000,20,static,omp-avx2,8,9.405024,76c70a40b7efa3,76c70a40b7efa3,yes,0,0,12.2.0,-O3 -Wall -Wextra -std=c++17 -fopenmp -ffp-contract=off -g -DOMP_EXPLICIT_SIMD=1 -march=haswell,hype5
6000x6000.png,Quantize,quantize_lut_profile,lookup_average,6000,6000,20,static,omp-avx2,8,4.626137,76c70a40b7efa3,76c70a40b7efa3,yes,0,0,12.2.0,-O3 -Wall -Wextra -std=c++17 -fopenmp -ffp-contract=off -g -DOMP_EXPLICIT_SIMD=1 -march=haswell,hype5
6000x6000.png,Quantize,quantize_lut_profile,reset_average,6000,6000,20,static,off-avx2,8,9.409907,76c70a40b7efa3,76c70a40b7efa3,yes,0,0,12.2.0,-O3 -Wall -Wextra -std=c++17 -fopenmp -ffp-contract=off -g -DOMP_EXPLICIT_SIMD=0 -fno-tree-vectorize -march=haswell,hype5
6000x6000.png,Quantize,quantize_lut_profile,lookup_average,6000,6000,20,static,off-avx2,8,3.800147,76c70a40b7efa3,76c70a40b7efa3,yes,0,0,12.2.0,-O3 -Wall -Wextra -std=c++17 -fopenmp -ffp-contract=off -g -DOMP_EXPLICIT_SIMD=0 -fno-tree-vectorize -march=haswell,hype5
6000x6000.png,Quantize,quantize_lut_profile,reset_average,6000,6000,20,static,omp-avx2,9,9.408680,76c70a40b7efa3,76c70a40b7efa3,yes,0,0,12.2.0,-O3 -Wall -Wextra -std=c++17 -fopenmp -ffp-contract=off -g -DOMP_EXPLICIT_SIMD=1 -march=haswell,hype5
6000x6000.png,Quantize,quantize_lut_profile,lookup_average,6000,6000,20,static,omp-avx2,9,4.525224,76c70a40b7efa3,76c70a40b7efa3,yes,0,0,12.2.0,-O3 -Wall -Wextra -std=c++17 -fopenmp -ffp-contract=off -g -DOMP_EXPLICIT_SIMD=1 -march=haswell,hype5
6000x6000.png,Quantize,quantize_lut_profile,reset_average,6000,6000,20,static,off-avx2,9,9.562771,76c70a40b7efa3,76c70a40b7efa3,yes,0,0,12.2.0,-O3 -Wall -Wextra -std=c++17 -fopenmp -ffp-contract=off -g -DOMP_EXPLICIT_SIMD=0 -fno-tree-vectorize -march=haswell,hype5
6000x6000.png,Quantize,quantize_lut_profile,lookup_average,6000,6000,20,static,off-avx2,9,3.774828,76c70a40b7efa3,76c70a40b7efa3,yes,0,0,12.2.0,-O3 -Wall -Wextra -std=c++17 -fopenmp -ffp-contract=off -g -DOMP_EXPLICIT_SIMD=0 -fno-tree-vectorize -march=haswell,hype5
6000x6000.png,Quantize,quantize_lut_profile,reset_average,6000,6000,20,static,auto-avx2,9,9.619062,76c70a40b7efa3,76c70a40b7efa3,yes,0,0,12.2.0,-O3 -Wall -Wextra -std=c++17 -fopenmp -ffp-contract=off -g -DOMP_EXPLICIT_SIMD=0 -march=haswell,hype5
6000x6000.png,Quantize,quantize_lut_profile,lookup_average,6000,6000,20,static,auto-avx2,9,3.868280,76c70a40b7efa3,76c70a40b7efa3,yes,0,0,12.2.0,-O3 -Wall -Wextra -std=c++17 -fopenmp -ffp-contract=off -g -DOMP_EXPLICIT_SIMD=0 -march=haswell,hype5
6000x6000.png,Quantize,quantize_lut_profile,reset_average,6000,6000,20,static,off-avx2,10,9.432407,76c70a40b7efa3,76c70a40b7efa3,yes,0,0,12.2.0,-O3 -Wall -Wextra -std=c++17 -fopenmp -ffp-contract=off -g -DOMP_EXPLICIT_SIMD=0 -fno-tree-vectorize -march=haswell,hype5
6000x6000.png,Quantize,quantize_lut_profile,lookup_average,6000,6000,20,static,off-avx2,10,3.798585,76c70a40b7efa3,76c70a40b7efa3,yes,0,0,12.2.0,-O3 -Wall -Wextra -std=c++17 -fopenmp -ffp-contract=off -g -DOMP_EXPLICIT_SIMD=0 -fno-tree-vectorize -march=haswell,hype5
6000x6000.png,Quantize,quantize_lut_profile,reset_average,6000,6000,20,static,auto-avx2,10,9.413746,76c70a40b7efa3,76c70a40b7efa3,yes,0,0,12.2.0,-O3 -Wall -Wextra -std=c++17 -fopenmp -ffp-contract=off -g -DOMP_EXPLICIT_SIMD=0 -march=haswell,hype5
6000x6000.png,Quantize,quantize_lut_profile,lookup_average,6000,6000,20,static,auto-avx2,10,3.865906,76c70a40b7efa3,76c70a40b7efa3,yes,0,0,12.2.0,-O3 -Wall -Wextra -std=c++17 -fopenmp -ffp-contract=off -g -DOMP_EXPLICIT_SIMD=0 -march=haswell,hype5
6000x6000.png,Quantize,quantize_lut_profile,reset_average,6000,6000,20,static,omp-avx2,10,9.416029,76c70a40b7efa3,76c70a40b7efa3,yes,0,0,12.2.0,-O3 -Wall -Wextra -std=c++17 -fopenmp -ffp-contract=off -g -DOMP_EXPLICIT_SIMD=1 -march=haswell,hype5
6000x6000.png,Quantize,quantize_lut_profile,lookup_average,6000,6000,20,static,omp-avx2,10,4.849478,76c70a40b7efa3,76c70a40b7efa3,yes,0,0,12.2.0,-O3 -Wall -Wextra -std=c++17 -fopenmp -ffp-contract=off -g -DOMP_EXPLICIT_SIMD=1 -march=haswell,hype5
