Function	Hardware Event Count:CPU_CLK_UNHALTED.THREAD	Hardware Event Count:CPU_CLK_UNHALTED.REF_TSC	Hardware Event Count:INST_RETIRED.ANY	Hardware Event Count:CYCLE_ACTIVITY.STALLS_L1D_PENDING	Hardware Event Count:CPU_CLK_UNHALTED.REF_XCLK	Hardware Event Count:CPU_CLK_UNHALTED.ONE_THREAD_ACTIVE	Hardware Event Count:CYCLE_ACTIVITY.CYCLES_NO_EXECUTE	Hardware Event Count:CYCLE_ACTIVITY.STALLS_LDM_PENDING	Hardware Event Count:CYCLE_ACTIVITY.STALLS_L2_PENDING	Hardware Event Count:IDQ_UOPS_NOT_DELIVERED.CORE	Hardware Event Count:INT_MISC.RECOVERY_CYCLES	Hardware Event Count:MEM_LOAD_UOPS_RETIRED.L3_HIT_PS	Hardware Event Count:MEM_LOAD_UOPS_RETIRED.L3_MISS_PS	Hardware Event Count:OFFCORE_REQUESTS_OUTSTANDING.CYCLES_WITH_DATA_RD	Hardware Event Count:OFFCORE_REQUESTS_OUTSTANDING.ALL_DATA_RD:cmask=6	Hardware Event Count:RESOURCE_STALLS.SB	Hardware Event Count:RS_EVENTS.EMPTY_CYCLES	Hardware Event Count:UOPS_EXECUTED.CORE:cmask=1	Hardware Event Count:UOPS_EXECUTED.CORE:cmask=2	Hardware Event Count:UOPS_EXECUTED.CORE:cmask=3	Hardware Event Count:UOPS_ISSUED.ANY	Hardware Event Count:UOPS_RETIRED.RETIRE_SLOTS	Hardware Event Count:IDQ_UOPS_NOT_DELIVERED.CYCLES_0_UOPS_DELIV.CORE	Hardware Event Count:MEM_UOPS_RETIRED.ALL_LOADS_PS	Hardware Event Count:MEM_UOPS_RETIRED.ALL_STORES_PS	Hardware Event Count:MEM_LOAD_UOPS_L3_MISS_RETIRED.LOCAL_DRAM_PS	Hardware Event Count:MEM_LOAD_UOPS_L3_MISS_RETIRED.REMOTE_DRAM_PS	Hardware Event Count:MEM_LOAD_UOPS_L3_MISS_RETIRED.REMOTE_HITM_PS	Hardware Event Count:MEM_LOAD_UOPS_L3_MISS_RETIRED.REMOTE_FWD_PS	Module	Function (Full)	Source File	Start Address
[Loop@0xe850 in flip_horizontal._omp_fn.0]	229643500000	203895000000	685699000000	20510030765	7066711995	7070212100	43750065625	40390060585	34160051240	43120064680	0	0	0	105280157920	37030055545	2870004305	2310003465	200760301140	193480290220	174020261030	714421071630	700911051365	560000840	143535805945	105507165120	0	0	0	0	flip_profile_runner	[Loop@0xe850 in flip_horizontal._omp_fn.0]	[Unknown]	0xe850
[Loop@0xe850 in _Z15flip_horizontalR10ImageState._omp_fn.0]	3829500000	2760000000	12788000000	70000105	98002940	108503255	0	140000210	70000105	210000315	0	0	0	1400002100	700001050	0	0	4900007350	4480006720	3290004935	13300019950	14280021420	0	0	0	0	0	0	0	flip_profile_runner	[Loop@0xe850 in _Z15flip_horizontalR10ImageState._omp_fn.0]	[Unknown]	0xe850
[Loop@0x20198 in stbi__parse_zlib]	2288500000	1817000000	4266500000	0	63001890	49001470	420000630	280000420	70000105	350000525	0	0	0	420000630	0	0	140000210	1960002940	1540002310	1050001575	5390008085	3780005670	0	693020790	444513335	0	0	0	0	flip_profile_runner	[Loop@0x20198 in stbi__parse_zlib(stbi__zbuf*, int)]	[Unknown]	0x20198
func@0xe704	1380000000	1012000000	126500000	0	42001260	17500525	1400002100	1400002100	70000105	210000315	0	0	0	210000315	0	0	0	0	0	0	210000315	0	0	45501365	10500315	0	0	0	0	libgomp.so.1.0.0	func@0xe704	[Unknown]	0xe704
[Loop@0x1f7d8 in func@0x1f784]	690000000	713000000	345000000	70000105	28000840	14000420	420000630	280000420	70000105	0	0	0	0	70000105	0	0	140000210	350000525	70000105	0	560000840	490000735	0	66501995	0	0	0	0	0	libgomp.so.1.0.0	[Loop@0x1f7d8 in func@0x1f784]	[Unknown]	0x1f7d8
clear_page_erms	621000000	517500000	0	0	14000420	21000630	840001260	0	0	0	0	0	0	70000105	0	630000945	700001050	70000105	70000105	0	280000420	0	0	0	38501155	0	0	0	0	vmlinux	clear_page_erms	[Unknown]	0xffffffff84deb980
GOMP_loop_maybe_nonmonotonic_runtime_next	552000000	368000000	218500000	210000315	21000630	14000420	420000630	210000315	0	140000210	0	0	0	70000105	0	0	70000105	210000315	210000315	70000105	490000735	560000840	0	28000840	0	0	0	0	0	libgomp.so.1.0.0	GOMP_loop_maybe_nonmonotonic_runtime_next	[Unknown]	0xffe0
[Loop@0x1f620 in func@0x1f5fd]	402500000	448500000	172500000	0	7000210	7000210	560000840	0	0	0	0	0	0	0	0	0	0	70000105	0	0	70000105	280000420	0	24500735	0	0	0	0	0	libgomp.so.1.0.0	[Loop@0x1f620 in func@0x1f5fd]	[Unknown]	0x1f620
[Loop@0x205c0 in stbi__parse_zlib]	402500000	218500000	437000000	0	7000210	14000420	140000210	140000210	0	210000315	140000210	0	0	140000210	0	0	70000105	210000315	210000315	70000105	980001470	560000840	0	108503255	150504515	0	0	0	0	flip_profile_runner	[Loop@0x205c0 in stbi__parse_zlib(stbi__zbuf*, int)]	[Unknown]	0x205c0
[Loop@0x1dd60 in stbi__create_png_image_raw]	333500000	299000000	1311000000	0	14000420	14000420	0	0	0	0	0	0	0	140000210	0	0	0	490000735	490000735	420000630	1400002100	1400002100	0	381511445	112003360	0	0	0	0	flip_profile_runner	[Loop@0x1dd60 in stbi__create_png_image_raw(stbi__png*, unsigned char*, unsigned int, int, unsigned int, unsigned int, int, int)]	[Unknown]	0x1dd60
[Loop@0xd438 in flip_horizontal_profiled._omp_fn.0]	218500000	195500000	598000000	0	38501155	56001680	0	0	0	0	0	0	0	0	0	0	0	70000105	70000105	70000105	210000315	0	0	0	0	0	0	0	0	flip_profile_runner	[Loop@0xd438 in flip_horizontal_profiled._omp_fn.0]	[Unknown]	0xd438
[Loop@0x152f85 in __memcpy_avx_unaligned_erms]	184000000	92000000	34500000	70000105	0	0	140000210	70000105	70000105	0	0	0	0	140000210	70000105	70000105	0	0	0	0	0	0	0	14000420	14000420	0	0	0	0	libc.so.6	[Loop@0x152f85 in __memcpy_avx_unaligned_erms]	[Unknown]	0x152f85
update_load_avg	115000000	80500000	0	0	0	3500105	210000315	280000420	0	70000105	0	0	0	70000105	70000105	0	0	0	70000105	0	0	0	70000105	3500105	0	0	0	0	0	vmlinux	update_load_avg	[Unknown]	0xffffffff844e8870
[Loop@0x1524a0 in __memcmp_avx2_movbe]	80500000	57500000	0	0	0	0	0	0	0	0	0	3500210	1750105	140000210	70000105	0	0	0	0	0	70000105	70000105	0	21000630	0	0	0	0	0	libc.so.6	[Loop@0x1524a0 in __memcmp_avx2_movbe]	[Unknown]	0x1524a0
task_tick_fair	80500000	69000000	23000000	70000105	3500105	0	70000105	0	70000105	210000315	0	0	0	0	0	0	0	0	0	0	0	0	0	0	0	0	0	0	0	vmlinux	task_tick_fair	[Unknown]	0xffffffff844ec9b0
update_cfs_group	80500000	34500000	11500000	0	3500105	3500105	70000105	0	70000105	0	0	0	0	0	0	0	0	0	0	70000105	140000210	0	0	0	0	0	0	0	0	vmlinux	update_cfs_group	[Unknown]	0xffffffff844ec590
update_curr	80500000	92000000	0	0	0	14000420	140000210	210000315	0	0	0	0	0	70000105	0	0	0	0	0	0	0	0	0	0	0	0	0	0	0	vmlinux	update_curr	[Unknown]	0xffffffff844ec230
asm_sysvec_apic_timer_interrupt	69000000	11500000	0	0	3500105	0	70000105	0	0	0	0	0	0	0	0	0	0	0	0	0	0	0	0	0	0	0	0	0	0	vmlinux	asm_sysvec_apic_timer_interrupt	[Unknown]	0xffffffff85000ef0
tick_sched_do_timer	69000000	0	0	0	0	0	0	0	0	0	0	0	0	0	0	0	0	0	0	0	0	0	0	0	0	0	0	0	0	vmlinux	tick_sched_do_timer	[Unknown]	0xffffffff84567f80
[Loop@0x11848 in stbi__zbuild_huffman]	57500000	34500000	92000000	0	0	0	0	0	0	0	0	0	0	0	0	0	0	0	70000105	0	210000315	0	0	7000210	7000210	0	0	0	0	flip_profile_runner	[Loop@0x11848 in stbi__zbuild_huffman(stbi__zhuffman*, unsigned char const*, int)]	[Unknown]	0x11848
[Loop@0x1ab20 in stbi__convert_format]	57500000	46000000	46000000	70000105	3500105	3500105	70000105	70000105	70000105	0	0	0	0	0	0	0	0	0	0	0	0	0	0	3500105	3500105	0	0	0	0	flip_profile_runner	[Loop@0x1ab20 in stbi__convert_format(unsigned char*, int, int, unsigned int, unsigned int)]	[Unknown]	0x1ab20
[Loop@0xe800 in flip_horizontal._omp_fn.0]	57500000	46000000	34500000	0	0	0	0	0	0	0	0	0	0	0	0	0	0	0	0	0	0	140000210	0	0	38501155	0	0	0	0	flip_profile_runner	[Loop@0xe800 in flip_horizontal._omp_fn.0]	[Unknown]	0xe800
[Loop@0x203d0 in stbi__parse_zlib]	46000000	46000000	57500000	0	3500105	0	0	0	0	0	0	0	0	70000105	0	0	0	210000315	0	0	350000525	210000315	0	7000210	31500945	0	0	0	0	flip_profile_runner	[Loop@0x203d0 in stbi__parse_zlib(stbi__zbuf*, int)]	[Unknown]	0x203d0
[Loop@0xe840 in flip_horizontal._omp_fn.0]	46000000	23000000	92000000	0	0	0	70000105	0	0	0	0	0	0	0	0	0	0	0	140000210	70000105	140000210	140000210	0	14000420	0	0	0	0	0	flip_profile_runner	[Loop@0xe840 in flip_horizontal._omp_fn.0]	[Unknown]	0xe840
copy_user_enhanced_fast_string	46000000	11500000	11500000	0	0	3500105	70000105	70000105	0	0	0	0	0	0	0	0	0	0	0	0	0	0	0	0	0	0	0	0	0	vmlinux	copy_user_enhanced_fast_string	[Unknown]	0xffffffff84debf50
error_entry	46000000	11500000	0	0	0	0	0	0	0	0	0	0	0	0	0	0	0	0	0	0	0	0	0	0	0	0	0	0	0	vmlinux	error_entry	[Unknown]	0xffffffff850014f0
func@0x1e7c4	46000000	57500000	0	0	0	0	70000105	70000105	0	0	0	0	0	0	0	0	0	0	0	0	0	0	0	0	0	0	0	0	0	libgomp.so.1.0.0	func@0x1e7c4	[Unknown]	0x1e7c4
[Loop@0x1d578 in func@0x1d4b8]	34500000	0	0	0	0	0	140000210	0	0	0	0	0	0	0	0	0	0	0	0	0	0	0	0	3500105	0	0	0	0	0	libgomp.so.1.0.0	[Loop@0x1d578 in func@0x1d4b8]	[Unknown]	0x1d578
[Loop@0x1fc30 in func@0x1fbf4]	34500000	11500000	0	70000105	0	3500105	0	0	0	0	0	0	0	140000210	0	0	0	0	0	0	0	0	0	0	0	0	0	0	0	libgomp.so.1.0.0	[Loop@0x1fc30 in func@0x1fbf4]	[Unknown]	0x1fc30
account_user_time	34500000	11500000	0	0	0	0	0	0	0	0	0	0	0	0	0	0	0	0	0	0	0	0	0	0	0	0	0	0	0	vmlinux	account_user_time	[Unknown]	0xffffffff844ffbf0
func@0x1f6d4	34500000	80500000	0	0	3500105	0	70000105	0	0	0	0	0	0	0	0	0	0	0	0	0	0	0	0	0	0	0	0	0	0	libgomp.so.1.0.0	func@0x1f6d4	[Unknown]	0x1f6d4
get_page_from_freelist	34500000	11500000	0	0	3500105	0	0	0	0	0	0	0	0	0	0	0	0	0	0	0	0	0	0	0	0	0	0	0	0	vmlinux	get_page_from_freelist	[Unknown]	0xffffffff846f3f80
update_min_vruntime	34500000	46000000	0	0	0	0	70000105	0	140000210	0	0	0	0	0	0	0	0	0	0	0	0	0	0	0	0	0	0	0	0	vmlinux	update_min_vruntime	[Unknown]	0xffffffff844e5e70
[Loop@0x1cd60 in func@0x1cc44]	23000000	57500000	0	70000105	0	0	70000105	0	0	70000105	0	0	0	0	0	0	0	0	0	0	0	0	0	3500105	0	0	0	0	0	libgomp.so.1.0.0	[Loop@0x1cd60 in func@0x1cc44]	[Unknown]	0x1cd60
[Loop@0x20800 in stbi__parse_zlib]	23000000	11500000	0	0	0	0	70000105	0	0	0	0	0	0	0	0	0	0	0	0	0	0	0	0	10500315	3500105	0	0	0	0	flip_profile_runner	[Loop@0x20800 in stbi__parse_zlib(stbi__zbuf*, int)]	[Unknown]	0x20800
__cgroup_account_cputime_field	23000000	23000000	0	0	0	0	0	0	0	70000105	0	0	0	0	0	0	0	0	0	0	0	0	0	0	0	0	0	0	0	vmlinux	__cgroup_account_cputime_field	[Unknown]	0xffffffff84583480
__memcpy_avx_unaligned_erms	23000000	23000000	0	0	0	3500105	0	70000105	0	0	0	0	0	0	0	0	0	0	0	70000105	0	0	0	14000420	7000210	0	0	0	0	libc.so.6	__memcpy_avx_unaligned_erms	[Unknown]	0x152a80
__update_load_avg_se	23000000	0	34500000	0	0	0	0	0	0	0	0	0	0	0	0	0	70000105	70000105	0	0	0	0	0	3500105	7000210	0	0	0	0	vmlinux	__update_load_avg_se	[Unknown]	0xffffffff844fe1b0
_raw_spin_lock	23000000	11500000	0	0	0	3500105	0	0	0	0	0	0	0	0	0	0	0	0	0	0	0	0	0	0	7000210	0	0	0	0	vmlinux	_raw_spin_lock	[Unknown]	0xffffffff84e4f520
entry_SYSRETQ_unsafe_stack	23000000	11500000	0	0	0	0	0	0	0	0	0	0	0	0	0	0	0	0	0	0	0	0	0	0	0	0	0	0	0	vmlinux	entry_SYSRETQ_unsafe_stack	[Unknown]	0xffffffff8500021b
flip_horizontal._omp_fn.0	23000000	46000000	0	0	0	0	0	70000105	70000105	0	0	0	0	0	0	0	0	0	0	0	0	0	0	0	0	0	0	0	0	flip_profile_runner	flip_horizontal._omp_fn.0	[Unknown]	0xe7b0
func@0x3170	23000000	46000000	126500000	0	0	0	0	0	0	0	0	0	0	0	0	0	0	0	0	0	70000105	70000105	0	73502205	0	0	0	0	0	flip_profile_runner	func@0x3170	[Unknown]	0x3170
hrtimer_active	23000000	11500000	11500000	0	0	3500105	0	0	0	0	0	0	0	0	0	0	0	0	0	0	0	0	0	0	0	0	0	0	0	vmlinux	hrtimer_active	[Unknown]	0xffffffff84554750
hrtimer_interrupt	23000000	46000000	11500000	0	0	0	0	0	0	0	0	0	0	0	0	0	0	0	0	0	0	0	0	0	0	0	0	0	0	vmlinux	hrtimer_interrupt	[Unknown]	0xffffffff84555aa0
irq_enter_rcu	23000000	0	0	0	0	3500105	0	0	0	0	0	0	0	0	0	0	0	0	0	0	0	0	0	0	0	0	0	0	0	vmlinux	irq_enter_rcu	[Unknown]	0xffffffff844a9810
ktime_get	23000000	11500000	0	0	0	0	70000105	70000105	0	0	0	0	0	0	0	0	0	0	0	0	0	0	0	0	0	0	0	0	0	vmlinux	ktime_get	[Unknown]	0xffffffff84557cb0
trigger_load_balance	23000000	0	0	0	0	0	0	0	0	70000105	0	0	0	0	0	0	0	0	0	0	0	0	0	0	0	0	0	0	0	vmlinux	trigger_load_balance	[Unknown]	0xffffffff844f5570
update_process_times	23000000	0	0	0	0	0	0	0	0	0	0	0	0	0	0	0	0	0	0	0	0	70000105	0	3500105	0	0	0	0	0	vmlinux	update_process_times	[Unknown]	0xffffffff84554320
update_rq_clock	23000000	0	0	0	0	0	70000105	0	0	0	0	0	0	0	0	0	0	0	0	0	0	0	0	0	0	0	0	0	0	vmlinux	update_rq_clock	[Unknown]	0xffffffff844dd280
GOMP_loop_nonmonotonic_runtime_start	11500000	0	0	0	3500105	3500105	0	0	0	0	0	0	0	0	0	0	0	0	0	0	0	0	0	0	0	0	0	0	0	libgomp.so.1.0.0	GOMP_loop_nonmonotonic_runtime_start	[Unknown]	0xf100
[Loop@0x11920 in stbi__zbuild_huffman]	11500000	11500000	34500000	0	0	0	0	0	0	0	0	0	0	0	0	0	0	0	0	0	0	0	0	0	7000210	0	0	0	0	flip_profile_runner	[Loop@0x11920 in stbi__zbuild_huffman(stbi__zhuffman*, unsigned char const*, int)]	[Unknown]	0x11920
__calc_delta	11500000	11500000	0	0	0	0	0	0	0	0	0	0	0	0	0	0	0	0	140000210	0	0	0	0	3500105	0	0	0	0	0	vmlinux	__calc_delta	[Unknown]	0xffffffff844e60b0
__cond_resched	11500000	0	0	0	0	0	0	0	0	0	0	0	0	0	0	0	0	0	0	0	0	0	0	0	0	0	0	0	0	vmlinux	__cond_resched	[Unknown]	0xffffffff84e47b00
__list_add_valid	11500000	0	0	0	0	0	0	0	0	0	0	0	0	0	0	0	0	0	0	0	0	0	0	0	0	0	0	0	0	vmlinux	__list_add_valid	[Unknown]	0xffffffff84943080
__list_del_entry_valid	11500000	0	0	0	0	0	0	0	0	0	0	0	0	0	0	0	0	0	0	0	0	0	0	0	0	0	0	0	0	vmlinux	__list_del_entry_valid	[Unknown]	0xffffffff849430d0
__sysvec_apic_timer_interrupt	11500000	0	0	0	0	3500105	0	0	0	0	0	0	0	0	0	0	0	0	0	0	0	0	0	0	0	0	0	0	0	vmlinux	__sysvec_apic_timer_interrupt	[Unknown]	0xffffffff8446eab0
__update_load_avg_cfs_rq	11500000	11500000	34500000	0	0	0	0	0	0	140000210	0	0	0	0	0	0	0	0	70000105	0	70000105	0	0	3500105	0	0	0	0	0	vmlinux	__update_load_avg_cfs_rq	[Unknown]	0xffffffff844fe560
asm_exc_page_fault	11500000	0	0	0	0	0	0	0	0	0	0	0	0	0	0	0	0	0	0	0	0	0	0	0	0	0	0	0	0	vmlinux	asm_exc_page_fault	[Unknown]	0xffffffff85000be0
asm_sysvec_call_function_single	11500000	0	0	0	0	0	0	0	0	0	0	0	0	0	0	0	0	0	0	0	0	0	0	0	0	0	0	0	0	vmlinux	asm_sysvec_call_function_single	[Unknown]	0xffffffff85000f90
common_interrupt_return	11500000	46000000	0	0	3500105	0	140000210	0	0	0	0	0	0	0	0	0	0	0	0	0	0	0	0	21000630	17500525	0	0	0	0	vmlinux	common_interrupt_return	[Unknown]	0xffffffff85001150
cpuacct_account_field	11500000	0	0	0	0	0	0	0	0	70000105	0	0	0	0	0	0	0	0	0	0	0	0	0	0	0	0	0	0	0	vmlinux	cpuacct_account_field	[Unknown]	0xffffffff84508110
do_syscall_64	11500000	0	0	0	0	0	0	0	0	0	0	0	0	0	0	0	0	0	0	0	0	0	0	0	0	0	0	0	0	vmlinux	do_syscall_64	[Unknown]	0xffffffff84e38b30
enqueue_hrtimer	11500000	0	0	0	0	0	0	0	0	0	0	0	0	0	0	0	0	0	0	0	0	0	0	0	0	0	0	0	0	vmlinux	enqueue_hrtimer	[Unknown]	0xffffffff845547a0
entry_SYSCALL_64	11500000	0	0	0	0	0	0	0	0	0	0	0	0	0	0	0	0	0	0	0	0	0	0	0	0	0	0	0	0	vmlinux	entry_SYSCALL_64	[Unknown]	0xffffffff85000080
fsnotify_perm.part.0	11500000	0	0	0	0	0	0	0	0	0	0	0	0	0	0	0	0	0	0	0	0	0	0	0	0	0	0	0	0	vmlinux	fsnotify_perm.part.0	[Unknown]	0xffffffff84845180
func@0x163a0	11500000	0	0	0	0	0	0	0	0	0	0	0	0	0	0	0	0	0	0	0	0	0	0	0	0	0	0	0	0	libgomp.so.1.0.0	func@0x163a0	[Unknown]	0x163a0
func@0x1f784	11500000	0	0	0	0	0	0	0	0	0	0	0	0	0	0	0	0	0	0	0	0	0	0	0	0	0	0	0	0	libgomp.so.1.0.0	func@0x1f784	[Unknown]	0x1f784
func@0x1fbf4	11500000	0	0	0	0	0	0	0	0	0	0	0	0	0	0	0	0	0	0	0	0	0	0	0	0	0	0	0	0	libgomp.so.1.0.0	func@0x1fbf4	[Unknown]	0x1fbf4
get_mem_cgroup_from_mm	11500000	0	0	0	0	0	0	0	0	0	0	0	0	0	0	0	0	0	0	0	0	0	0	0	0	0	0	0	0	vmlinux	get_mem_cgroup_from_mm	[Unknown]	0xffffffff84747010
hrtimer_forward	11500000	0	0	0	0	0	0	0	0	0	0	0	0	0	0	0	0	0	0	0	0	0	0	0	0	0	0	0	0	vmlinux	hrtimer_forward	[Unknown]	0xffffffff845546a0
idle_cpu	11500000	0	0	0	0	0	0	0	0	0	0	0	0	0	0	0	0	0	0	0	0	0	0	0	0	0	0	0	0	vmlinux	idle_cpu	[Unknown]	0xffffffff844e3510
inherit_event.constprop.0	11500000	11500000	0	0	0	0	0	0	0	0	0	0	0	0	0	0	0	0	0	0	0	0	0	0	0	0	0	0	0	vmlinux	inherit_event.constprop.0	[Unknown]	0xffffffff8466bfd0
irq_work_run_list	11500000	0	11500000	0	0	0	0	0	0	0	0	0	0	0	0	0	0	0	0	0	0	0	0	0	0	0	0	0	0	vmlinux	irq_work_run_list	[Unknown]	0xffffffff845ff920
irq_work_tick	11500000	0	0	0	0	0	0	0	0	0	0	0	0	0	0	0	0	0	0	0	0	0	0	0	0	0	0	0	0	vmlinux	irq_work_tick	[Unknown]	0xffffffff845ff990
kfree	11500000	0	0	0	0	0	0	0	0	0	0	0	0	0	0	0	0	0	0	0	0	0	0	0	0	0	0	0	0	vmlinux	kfree	[Unknown]	0xffffffff846b69d0
kmem_cache_alloc_node	11500000	0	0	0	0	0	0	0	0	0	0	0	0	0	0	0	0	0	0	0	0	0	0	0	0	0	0	0	0	vmlinux	kmem_cache_alloc_node	[Unknown]	0xffffffff84729200
ktime_get_update_offsets_now	11500000	0	0	0	0	0	0	0	70000105	0	0	0	0	0	0	0	0	0	0	0	0	70000105	0	0	0	0	0	0	0	vmlinux	ktime_get_update_offsets_now	[Unknown]	0xffffffff84558db0
load_balance	11500000	0	0	0	0	0	0	0	0	0	0	0	0	0	0	0	0	0	0	0	0	0	0	0	0	0	0	0	0	vmlinux	load_balance	[Unknown]	0xffffffff844f3420
memcg_slab_post_alloc_hook	11500000	0	0	0	0	0	0	0	0	0	0	0	0	0	0	70000105	0	0	0	0	0	0	0	0	0	0	0	0	0	vmlinux	memcg_slab_post_alloc_hook	[Unknown]	0xffffffff84726180
native_write_msr	11500000	23000000	0	0	0	0	0	0	0	0	0	0	0	0	0	0	0	0	0	0	0	0	0	0	0	0	0	0	0	vmlinux	native_write_msr	[Unknown]	0xffffffff8447e910
nohz_balance_exit_idle	11500000	0	0	0	0	0	0	0	0	0	0	0	0	0	0	0	0	0	0	0	0	0	0	0	0	0	0	0	0	vmlinux	nohz_balance_exit_idle	[Unknown]	0xffffffff844f5310
perf_event_task_tick	11500000	0	11500000	0	0	0	0	0	0	0	0	0	0	0	0	0	0	0	0	0	0	0	0	0	0	0	0	0	0	vmlinux	perf_event_task_tick	[Unknown]	0xffffffff846686e0
perf_iterate_ctx	11500000	0	0	0	0	3500105	0	0	70000105	0	0	0	0	0	0	0	0	0	0	0	0	0	0	0	0	0	0	0	0	vmlinux	perf_iterate_ctx	[Unknown]	0xffffffff846615d0
rb_next	11500000	11500000	0	70000105	0	3500105	0	0	0	0	0	0	0	0	0	0	0	0	0	0	0	0	0	0	0	0	0	0	0	vmlinux	rb_next	[Unknown]	0xffffffff84ddf8c0
rcu_sched_clock_irq	11500000	11500000	11500000	70000105	3500105	3500105	70000105	0	70000105	70000105	0	0	0	0	0	0	0	0	0	0	0	0	0	0	0	0	0	0	0	vmlinux	rcu_sched_clock_irq	[Unknown]	0xffffffff8453c160
rcu_segcblist_ready_cbs	11500000	0	0	0	0	0	0	0	0	0	0	0	0	0	0	0	0	0	0	0	0	0	0	0	0	0	0	0	0	vmlinux	rcu_segcblist_ready_cbs	[Unknown]	0xffffffff8453da30
security_perf_event_alloc	11500000	0	0	0	0	0	0	0	0	0	0	0	0	0	0	0	0	0	0	0	0	0	0	0	0	0	0	0	0	vmlinux	security_perf_event_alloc	[Unknown]	0xffffffff84848ff0
stbi__zbuild_huffman	11500000	0	0	0	0	0	0	0	0	0	0	0	0	0	0	0	0	0	0	0	0	0	0	0	0	0	0	0	0	flip_profile_runner	stbi__zbuild_huffman(stbi__zhuffman*, unsigned char const*, int)	[Unknown]	0x11390
sync_regs	11500000	11500000	0	0	3500105	0	0	0	0	0	0	0	0	0	0	0	0	0	0	0	0	0	0	0	0	0	0	0	0	vmlinux	sync_regs	[Unknown]	0xffffffff84e39e30
syscall_trace_enter.constprop.0	11500000	0	0	0	0	0	0	0	0	0	0	0	0	0	0	0	0	0	0	0	0	0	0	0	0	0	0	0	0	vmlinux	syscall_trace_enter.constprop.0	[Unknown]	0xffffffff84545bd0
sysvec_apic_timer_interrupt	11500000	11500000	0	0	0	0	0	0	0	0	0	0	0	0	0	0	0	0	0	0	0	0	0	0	0	0	0	0	0	vmlinux	sysvec_apic_timer_interrupt	[Unknown]	0xffffffff84e3c900
update_sd_lb_stats.constprop.0	11500000	0	0	0	0	0	0	0	0	0	0	0	0	0	0	0	0	0	0	0	0	0	0	3500105	0	0	0	0	0	vmlinux	update_sd_lb_stats.constprop.0	[Unknown]	0xffffffff844f2790
x86_pmu_disable	11500000	11500000	0	0	0	0	0	0	0	0	0	0	0	0	0	0	0	0	0	0	0	0	0	0	0	0	0	0	0	vmlinux	x86_pmu_disable	[Unknown]	0xffffffff84408ac0
GOMP_parallel	0	11500000	0	0	0	0	0	0	0	0	0	0	0	0	0	0	0	0	0	0	0	0	0	0	0	0	0	0	0	libgomp.so.1.0.0	GOMP_parallel	[Unknown]	0x14070
[Loop@0x113f0 in stbi__zbuild_huffman]	0	0	23000000	0	0	0	0	0	0	0	0	0	0	0	0	0	0	0	0	0	0	0	0	3500105	0	0	0	0	0	flip_profile_runner	[Loop@0x113f0 in stbi__zbuild_huffman(stbi__zhuffman*, unsigned char const*, int)]	[Unknown]	0x113f0
[Loop@0x1c750 in stbi__create_png_image_raw]	0	0	0	0	0	0	0	0	0	0	0	0	0	0	0	0	0	0	0	0	0	0	0	3500105	0	0	0	0	0	flip_profile_runner	[Loop@0x1c750 in stbi__create_png_image_raw(stbi__png*, unsigned char*, unsigned int, int, unsigned int, unsigned int, int, int)]	[Unknown]	0x1c750
[Loop@0x1dcd0 in stbi__create_png_image_raw]	0	0	0	0	0	0	0	0	0	0	0	0	0	0	0	0	0	0	0	0	0	70000105	0	0	0	0	0	0	0	flip_profile_runner	[Loop@0x1dcd0 in stbi__create_png_image_raw(stbi__png*, unsigned char*, unsigned int, int, unsigned int, unsigned int, int, int)]	[Unknown]	0x1dcd0
[Loop@0x1fa10 in stbi__compute_huffman_codes]	0	11500000	11500000	0	0	0	0	0	0	0	0	0	0	0	0	0	0	0	0	0	0	0	0	0	0	0	0	0	0	flip_profile_runner	[Loop@0x1fa10 in stbi__compute_huffman_codes(stbi__zbuf*)]	[Unknown]	0x1fa10
[Loop@0x1fae8 in stbi__compute_huffman_codes]	0	11500000	0	0	0	0	0	0	0	0	0	0	0	0	0	0	0	0	0	0	70000105	0	0	0	3500105	0	0	0	0	flip_profile_runner	[Loop@0x1fae8 in stbi__compute_huffman_codes(stbi__zbuf*)]	[Unknown]	0x1fae8
[Loop@0x1fb28 in stbi__compute_huffman_codes]	0	23000000	23000000	0	0	0	0	0	0	0	0	0	0	0	0	0	0	0	0	0	0	0	0	3500105	3500105	0	0	0	0	flip_profile_runner	[Loop@0x1fb28 in stbi__compute_huffman_codes(stbi__zbuf*)]	[Unknown]	0x1fb28
[Loop@0x1fea0 in stbi__compute_huffman_codes]	0	0	0	0	0	0	70000105	0	0	0	0	0	0	0	0	0	0	0	0	0	0	0	0	0	0	0	0	0	0	flip_profile_runner	[Loop@0x1fea0 in stbi__compute_huffman_codes(stbi__zbuf*)]	[Unknown]	0x1fea0
[Loop@0xd400 in flip_horizontal_profiled._omp_fn.0]	0	11500000	0	0	0	3500105	0	0	0	0	0	0	0	0	0	0	0	0	0	0	0	0	0	0	0	0	0	0	0	flip_profile_runner	[Loop@0xd400 in flip_horizontal_profiled._omp_fn.0]	[Unknown]	0xd400
_IO_file_xsgetn	0	11500000	0	0	3500105	3500105	0	0	0	0	0	0	0	0	0	0	0	0	0	0	0	0	0	0	0	0	0	0	0	libc.so.6	_IO_file_xsgetn	[Unknown]	0x81140
__audit_syscall_entry	0	11500000	0	0	0	0	0	0	0	0	0	0	0	0	0	0	0	0	0	0	0	0	0	0	0	0	0	0	0	vmlinux	__audit_syscall_entry	[Unknown]	0xffffffff8459c3f0
__get_user_8	0	0	11500000	0	0	0	0	0	0	0	0	0	0	0	0	0	0	0	0	0	0	0	0	0	0	0	0	0	0	vmlinux	__get_user_8	[Unknown]	0xffffffff84dec8d0
__hrtimer_init	0	0	0	0	0	0	0	0	0	0	0	0	0	0	0	0	0	0	70000105	0	0	0	0	0	0	0	0	0	0	vmlinux	__hrtimer_init	[Unknown]	0xffffffff84554860
__hrtimer_run_queues	0	23000000	0	70000105	0	0	0	0	0	0	0	0	0	0	0	0	0	0	0	0	0	0	0	0	0	0	0	0	0	vmlinux	__hrtimer_run_queues	[Unknown]	0xffffffff84554ae0
__init_waitqueue_head	0	0	0	0	0	0	0	0	0	0	0	0	0	0	0	0	0	70000105	0	0	0	0	0	0	0	0	0	0	0	vmlinux	__init_waitqueue_head	[Unknown]	0xffffffff84501d90
__irq_exit_rcu	0	11500000	0	0	0	0	0	0	0	0	0	0	0	0	0	0	0	0	0	0	0	0	0	0	0	0	0	0	0	vmlinux	__irq_exit_rcu	[Unknown]	0xffffffff844a8fa0
__page_set_anon_rmap	0	0	0	0	0	0	0	0	0	0	0	0	0	0	0	0	0	0	0	0	0	70000105	0	0	0	0	0	0	0	vmlinux	__page_set_anon_rmap	[Unknown]	0xffffffff846e3da0
__rcu_read_lock	0	0	0	0	0	0	0	0	0	0	0	0	0	0	0	0	0	0	0	0	0	0	0	0	3500105	0	0	0	0	vmlinux	__rcu_read_lock	[Unknown]	0xffffffff845334d0
__rcu_read_unlock	0	0	0	0	0	0	0	70000105	0	0	0	0	0	0	0	0	0	0	0	0	0	0	0	7000210	0	0	0	0	0	vmlinux	__rcu_read_unlock	[Unknown]	0xffffffff84536fa0
__srcu_read_unlock	0	0	11500000	0	0	0	0	0	0	0	0	0	0	0	0	0	0	0	0	0	0	0	0	0	0	0	0	0	0	vmlinux	__srcu_read_unlock	[Unknown]	0xffffffff84531280
__x86_indirect_thunk_array	0	0	0	0	0	0	0	0	0	0	0	0	0	0	0	0	0	0	0	0	0	0	0	3500105	0	0	0	0	0	vmlinux	__x86_indirect_thunk_array	[Unknown]	0xffffffff85201580
_find_next_and_bit	0	0	0	0	0	0	0	0	0	0	0	0	0	0	0	0	0	0	0	0	70000105	0	0	0	0	0	0	0	0	vmlinux	_find_next_and_bit	[Unknown]	0xffffffff84934080
_nv030473rm	0	11500000	0	0	0	0	0	0	0	0	0	0	0	0	0	0	0	0	0	0	0	0	0	0	0	0	0	0	0	nvidia.ko	_nv030473rm	[Unknown]	0x7cbdd0
_raw_spin_lock_irq	0	0	11500000	0	0	0	0	0	0	0	0	0	0	0	0	0	0	0	0	0	0	0	0	0	0	0	0	0	0	vmlinux	_raw_spin_lock_irq	[Unknown]	0xffffffff84e4f550
_raw_spin_trylock	0	11500000	0	0	0	0	0	0	0	0	0	0	0	0	0	0	0	0	0	0	0	0	0	0	0	0	0	0	0	vmlinux	_raw_spin_trylock	[Unknown]	0xffffffff84e4f060
_raw_spin_unlock_irqrestore	0	0	11500000	0	0	0	0	0	0	0	0	0	0	0	0	0	0	0	0	0	0	0	0	0	0	0	0	0	0	vmlinux	_raw_spin_unlock_irqrestore	[Unknown]	0xffffffff84e4f0a0
acct_account_cputime	0	11500000	0	70000105	0	0	0	70000105	0	0	0	0	0	0	70000105	0	0	0	0	0	0	0	0	0	0	0	0	0	0	vmlinux	acct_account_cputime	[Unknown]	0xffffffff845abf10
acpi_os_read_memory	0	0	0	0	0	0	0	0	0	0	0	0	0	0	0	0	0	0	0	0	0	0	0	10500315	7000210	0	0	0	0	vmlinux	acpi_os_read_memory	[Unknown]	0xffffffff849ea710
apei_check_gar	0	0	0	0	0	0	0	0	0	0	0	0	0	0	0	0	0	0	0	0	0	0	0	3500105	3500105	0	0	0	0	vmlinux	apei_check_gar	[Unknown]	0xffffffff84a39df0
apei_read	0	0	0	0	0	0	0	0	0	0	0	0	0	0	0	0	0	0	0	0	0	0	0	3500105	7000210	0	0	0	0	vmlinux	apei_read	[Unknown]	0xffffffff84a39e90
arch_scale_freq_tick	0	23000000	0	0	0	3500105	0	0	0	0	0	0	0	0	0	0	0	0	0	0	0	0	0	0	0	0	0	0	0	vmlinux	arch_scale_freq_tick	[Unknown]	0xffffffff8444bf70
asm_exc_nmi	0	0	0	0	0	0	0	0	0	0	0	0	0	0	0	0	0	0	0	0	0	0	0	3500105	17500525	0	0	0	0	vmlinux	asm_exc_nmi	[Unknown]	0xffffffff85001640
audit_filter_syscall	0	11500000	0	0	0	0	70000105	0	0	0	0	0	0	0	0	0	0	0	0	0	0	0	0	0	0	0	0	0	0	vmlinux	audit_filter_syscall	[Unknown]	0xffffffff8459a4c0
auditd_test_task	0	0	0	0	0	0	70000105	0	0	0	0	0	0	0	0	0	0	0	0	0	0	0	0	0	0	0	0	0	0	vmlinux	auditd_test_task	[Unknown]	0xffffffff84592bb0
cgroup_rstat_updated	0	0	0	0	0	0	70000105	0	0	0	0	0	0	0	0	0	0	0	0	0	0	0	0	3500105	0	0	0	0	0	vmlinux	cgroup_rstat_updated	[Unknown]	0xffffffff84582e80
check_new_pages	0	11500000	0	0	0	0	0	70000105	0	0	0	0	0	0	0	0	0	0	0	0	0	0	0	3500105	0	0	0	0	0	vmlinux	check_new_pages	[Unknown]	0xffffffff846ef9b0
cpuacct_charge	0	11500000	0	0	3500105	3500105	70000105	0	0	0	0	0	0	0	0	0	0	0	0	0	0	0	0	0	0	0	0	0	0	vmlinux	cpuacct_charge	[Unknown]	0xffffffff845080d0
early_xen_iret_patch	0	0	0	0	0	0	0	0	0	0	0	0	0	0	0	0	0	0	0	0	0	0	0	3500105	0	0	0	0	0	vmlinux	early_xen_iret_patch	[Unknown]	0xffffffff85001214
enqueue_task_fair	0	11500000	0	0	0	0	0	0	0	0	0	0	0	70000105	0	0	0	0	0	0	0	0	0	0	0	0	0	0	0	vmlinux	enqueue_task_fair	[Unknown]	0xffffffff844ef5d0
entry_SYSCALL_64_after_hwframe	0	0	0	0	0	3500105	0	0	0	0	0	0	0	0	0	0	0	0	0	0	0	0	0	0	0	0	0	0	0	vmlinux	entry_SYSCALL_64_after_hwframe	[Unknown]	0xffffffff850000b8
exc_nmi	0	0	0	0	0	0	0	0	0	0	0	0	0	0	0	0	0	0	0	0	0	0	0	0	3500105	0	0	0	0	vmlinux	exc_nmi	[Unknown]	0xffffffff84e3a970
filemap_get_read_batch	0	23000000	0	0	3500105	0	0	0	70000105	0	0	0	0	0	0	0	0	0	0	0	0	0	0	0	0	0	0	0	0	vmlinux	filemap_get_read_batch	[Unknown]	0xffffffff84680660
fill_pte	0	0	0	0	0	0	0	0	0	0	0	0	0	0	0	0	0	0	0	0	0	0	0	7000210	0	0	0	0	0	vmlinux	fill_pte	[Unknown]	0xffffffff84486070
fill_pud	0	0	0	0	0	0	0	0	0	0	0	0	0	0	0	0	0	0	0	0	0	0	0	0	3500105	0	0	0	0	vmlinux	fill_pud	[Unknown]	0xffffffff84485e00
fpregs_assert_state_consistent	0	11500000	0	0	0	0	0	0	0	0	0	0	0	0	0	0	0	0	0	0	0	0	0	0	0	0	0	0	0	vmlinux	fpregs_assert_state_consistent	[Unknown]	0xffffffff84440720
free_unref_page	0	0	0	0	0	0	0	0	0	0	0	0	0	0	0	0	0	0	0	0	0	0	0	3500105	0	0	0	0	0	vmlinux	free_unref_page	[Unknown]	0xffffffff846f3120
free_unref_page_list	0	0	0	0	0	0	0	0	0	0	0	0	0	0	0	0	0	0	0	0	0	0	0	3500105	0	0	0	0	0	vmlinux	free_unref_page_list	[Unknown]	0xffffffff846f3720
func@0x1cfd0	0	11500000	0	0	0	0	0	0	0	0	0	0	0	0	0	0	0	0	0	0	0	0	0	0	0	0	0	0	0	libgomp.so.1.0.0	func@0x1cfd0	[Unknown]	0x1cfd0
func@0x1eae4	0	0	0	0	0	0	0	0	0	70000105	0	0	0	0	0	0	0	0	0	0	0	0	0	0	0	0	0	0	0	libgomp.so.1.0.0	func@0x1eae4	[Unknown]	0x1eae4
func@0xe6a4	0	11500000	0	0	0	0	0	70000105	0	0	0	0	0	0	0	0	0	0	0	0	0	0	0	0	0	0	0	0	0	libgomp.so.1.0.0	func@0xe6a4	[Unknown]	0xe6a4
ghes_copy_tofrom_phys	0	0	0	0	0	0	0	0	0	0	0	0	0	0	0	0	0	0	0	0	0	0	0	14000420	3500105	0	0	0	0	vmlinux	ghes_copy_tofrom_phys	[Unknown]	0xffffffff84a3c850
ghes_notify_nmi	0	0	0	0	0	0	0	0	0	0	0	0	0	0	0	0	0	0	0	0	0	0	0	0	3500105	0	0	0	0	vmlinux	ghes_notify_nmi	[Unknown]	0xffffffff84a3e060
handle_mm_fault	0	0	0	0	0	0	0	0	0	70000105	0	0	0	0	0	0	0	0	0	0	0	0	0	0	0	0	0	0	0	vmlinux	handle_mm_fault	[Unknown]	0xffffffff846d0570
intel_pmu_handle_irq	0	0	0	0	0	0	0	0	0	0	0	1750105	0	0	0	0	0	0	0	0	0	0	0	10500315	0	0	0	0	0	vmlinux	intel_pmu_handle_irq	[Unknown]	0xffffffff84413e60
invoke_rcu_core	0	11500000	11500000	0	0	0	0	0	0	0	0	0	0	0	0	0	0	0	0	0	0	0	0	0	0	0	0	0	0	vmlinux	invoke_rcu_core	[Unknown]	0xffffffff84534560
irq_entries_start	0	0	0	0	0	0	70000105	0	0	0	0	0	0	0	0	0	0	0	0	0	0	0	0	0	0	0	0	0	0	vmlinux	irq_entries_start	[Unknown]	0xffffffff85000290
irqentry_exit	0	11500000	0	0	0	0	0	0	0	0	0	0	0	0	0	0	0	0	0	0	0	0	0	0	0	0	0	0	0	vmlinux	irqentry_exit	[Unknown]	0xffffffff84e3d670
irqentry_nmi_enter	0	0	0	0	0	0	0	0	0	0	0	0	0	0	0	0	0	0	0	0	0	0	0	3500105	0	0	0	0	0	vmlinux	irqentry_nmi_enter	[Unknown]	0xffffffff84e3d420
kmalloc_node_trace	0	0	11500000	0	0	0	0	0	0	0	0	0	0	0	0	0	0	0	0	0	0	0	0	0	0	0	0	0	0	vmlinux	kmalloc_node_trace	[Unknown]	0xffffffff846b6610
lapic_next_deadline	0	23000000	0	0	0	0	0	0	0	0	0	0	0	0	0	0	0	0	0	0	0	0	0	0	0	0	0	0	0	vmlinux	lapic_next_deadline	[Unknown]	0xffffffff8446e870
lru_gen_add_folio	0	11500000	0	0	0	0	0	0	0	0	0	0	0	0	0	0	0	0	0	0	0	0	0	0	0	0	0	0	0	vmlinux	lru_gen_add_folio	[Unknown]	0xffffffff8468f310
memcpy_fromio	0	0	0	0	0	0	0	0	0	0	0	0	0	0	0	0	0	0	0	0	0	0	0	3500105	7000210	0	0	0	0	vmlinux	memcpy_fromio	[Unknown]	0xffffffff84979bd0
memset_erms	0	0	11500000	0	0	0	0	0	0	0	0	0	0	0	0	0	70000105	140000210	0	0	0	0	0	0	0	0	0	0	0	vmlinux	memset_erms	[Unknown]	0xffffffff84deefd0
mtree_range_walk	0	0	0	0	0	0	0	0	0	0	0	0	0	0	0	0	0	0	0	0	0	0	0	0	3500105	0	0	0	0	vmlinux	mtree_range_walk	[Unknown]	0xffffffff84dd0d20
mutex_lock	0	0	11500000	0	0	0	0	0	0	0	0	0	0	0	0	0	0	0	0	0	0	0	0	0	0	0	0	0	0	vmlinux	mutex_lock	[Unknown]	0xffffffff84e4a720
native_apic_msr_eoi_write	0	0	0	0	3500105	3500105	0	0	0	70000105	0	0	0	0	0	0	0	0	0	0	0	0	0	0	0	0	0	0	0	vmlinux	native_apic_msr_eoi_write	[Unknown]	0xffffffff84475270
native_flush_tlb_one_user	0	0	0	0	0	0	0	0	0	0	0	0	0	0	0	0	0	0	0	0	0	0	0	14000420	7000210	0	0	0	0	vmlinux	native_flush_tlb_one_user	[Unknown]	0xffffffff8448b5d0
native_irq_return_iret	0	0	0	0	0	0	0	0	0	0	0	0	0	0	0	0	0	0	0	0	0	0	0	3500105	0	0	0	0	0	vmlinux	native_irq_return_iret	[Unknown]	0xffffffff85001220
native_read_msr	0	23000000	0	0	0	0	0	0	0	0	0	0	0	0	0	0	0	0	0	0	0	0	0	0	0	0	0	0	0	vmlinux	native_read_msr	[Unknown]	0xffffffff8447e7c0
native_sched_clock	0	0	0	0	0	0	0	0	0	0	0	0	0	0	0	0	0	0	0	0	0	0	0	21000630	3500105	0	0	0	0	vmlinux	native_sched_clock	[Unknown]	0xffffffff8443d490
native_set_fixmap	0	0	0	0	0	0	0	0	0	0	0	0	0	0	0	0	0	0	0	0	0	0	0	3500105	7000210	0	0	0	0	vmlinux	native_set_fixmap	[Unknown]	0xffffffff84489e90
nmi_cpu_backtrace_handler	0	0	0	0	0	0	0	0	0	0	0	0	0	0	0	0	0	0	0	0	0	0	0	0	3500105	0	0	0	0	vmlinux	nmi_cpu_backtrace_handler	[Unknown]	0xffffffff84472070
nmi_handle.part.0	0	0	0	0	0	0	0	0	0	0	0	0	0	0	0	0	0	0	0	0	0	0	0	21000630	3500105	0	0	0	0	vmlinux	nmi_handle.part.0	[Unknown]	0xffffffff84436970
perf_event_alloc	0	0	0	0	0	0	0	0	0	0	0	0	0	0	0	0	0	70000105	0	0	0	0	0	0	0	0	0	0	0	vmlinux	perf_event_alloc	[Unknown]	0xffffffff84666b40
perf_event_groups_insert	0	0	11500000	0	0	0	0	0	0	0	0	0	0	0	0	0	0	0	0	0	0	0	0	0	0	0	0	0	0	vmlinux	perf_event_groups_insert	[Unknown]	0xffffffff8465ed50
perf_event_nmi_handler	0	0	0	0	0	0	0	0	0	0	0	0	0	0	0	0	0	0	0	0	0	0	0	0	3500105	0	0	0	0	vmlinux	perf_event_nmi_handler	[Unknown]	0xffffffff84409280
perf_mux_hrtimer_handler	0	34500000	0	70000105	0	0	0	0	0	0	0	0	0	0	0	0	0	0	0	0	0	0	0	0	0	0	0	0	0	vmlinux	perf_mux_hrtimer_handler	[Unknown]	0xffffffff8466a000
pick_next_task_fair	0	0	0	0	0	0	0	0	0	0	0	0	0	0	0	0	0	0	0	0	0	0	0	3500105	0	0	0	0	0	vmlinux	pick_next_task_fair	[Unknown]	0xffffffff844f47a0
put_prev_entity	0	11500000	0	0	0	0	0	0	0	0	0	0	0	0	0	0	0	0	0	0	0	0	0	0	0	0	0	0	0	vmlinux	put_prev_entity	[Unknown]	0xffffffff844eef90
pv_native_get_debugreg	0	0	0	0	0	0	0	0	0	0	0	0	0	0	0	0	0	0	0	0	0	0	0	3500105	0	0	0	0	0	vmlinux	pv_native_get_debugreg	[Unknown]	0xffffffff84e3cd90
rb_erase	0	0	11500000	0	0	0	0	0	0	0	0	0	0	0	0	0	0	0	0	0	0	0	0	0	0	0	0	0	0	vmlinux	rb_erase	[Unknown]	0xffffffff84ddf0b0
rb_insert_color	0	0	0	0	0	0	0	0	0	0	0	0	0	0	0	0	0	70000105	0	0	0	0	0	0	0	0	0	0	0	vmlinux	rb_insert_color	[Unknown]	0xffffffff84ddf5b0
read_tsc	0	0	11500000	0	0	0	0	0	0	0	0	0	0	0	0	0	0	0	0	0	0	0	0	0	0	0	0	0	0	vmlinux	read_tsc	[Unknown]	0xffffffff8443d3c0
reweight_entity	0	0	11500000	0	0	0	0	0	0	70000105	0	0	0	0	0	0	0	0	0	0	70000105	0	0	7000210	0	0	0	0	0	vmlinux	reweight_entity	[Unknown]	0xffffffff844ec430
run_posix_cpu_timers	0	0	0	0	0	0	0	70000105	0	0	0	0	0	0	0	0	0	0	0	0	0	0	0	0	0	0	0	0	0	vmlinux	run_posix_cpu_timers	[Unknown]	0xffffffff84563160
scheduler_tick	0	34500000	0	0	0	0	0	0	70000105	0	0	0	0	0	0	0	0	0	0	0	0	0	0	3500105	3500105	0	0	0	0	vmlinux	scheduler_tick	[Unknown]	0xffffffff844e2c80
set_pte_vaddr_p4d	0	0	0	0	0	0	0	0	0	0	0	0	0	0	0	0	0	0	0	0	0	0	0	0	10500315	0	0	0	0	vmlinux	set_pte_vaddr_p4d	[Unknown]	0xffffffff844863e0
set_task_cpu	0	0	0	0	0	0	0	0	0	70000105	0	0	0	0	0	0	0	0	0	0	0	0	0	0	0	0	0	0	0	vmlinux	set_task_cpu	[Unknown]	0xffffffff844df810
should_failslab	0	11500000	0	0	0	0	0	0	0	0	0	0	0	0	0	0	0	0	0	0	0	0	0	0	0	0	0	0	0	vmlinux	should_failslab	[Unknown]	0xffffffff846b7530
syscall_enter_from_user_mode	0	11500000	0	0	0	0	0	0	0	0	0	0	0	0	0	0	0	0	0	0	0	0	0	0	0	0	0	0	0	vmlinux	syscall_enter_from_user_mode	[Unknown]	0xffffffff84e3d4b0
tick_program_event	0	0	0	70000105	0	0	0	0	0	0	0	0	0	0	0	0	0	0	0	0	0	0	0	0	0	0	0	0	0	vmlinux	tick_program_event	[Unknown]	0xffffffff84567a50
tick_sched_timer	0	11500000	0	0	0	0	0	0	0	0	0	0	0	0	0	0	70000105	0	0	0	0	0	0	0	0	0	0	0	0	vmlinux	tick_sched_timer	[Unknown]	0xffffffff84568020
timekeeping_advance	0	11500000	0	0	0	0	70000105	0	0	0	0	0	0	0	0	0	0	0	0	0	0	0	0	0	0	0	0	0	0	vmlinux	timekeeping_advance	[Unknown]	0xffffffff845580a0
timerqueue_add	0	23000000	0	0	0	0	0	0	0	0	0	0	0	0	0	0	0	0	0	0	0	0	0	0	0	0	0	0	0	vmlinux	timerqueue_add	[Unknown]	0xffffffff84de20e0
unmap_page_range	0	11500000	11500000	0	0	0	0	0	0	0	0	0	0	0	0	0	0	0	0	0	0	0	0	0	0	0	0	0	0	vmlinux	unmap_page_range	[Unknown]	0xffffffff846c8850
up_read	0	0	11500000	0	0	0	0	0	0	0	0	0	0	0	0	0	0	0	0	0	0	0	0	0	0	0	0	0	0	vmlinux	up_read	[Unknown]	0xffffffff84510b40
update_blocked_averages	0	0	0	0	0	0	70000105	0	0	0	0	0	0	0	0	0	0	0	0	0	0	0	0	0	0	0	0	0	0	vmlinux	update_blocked_averages	[Unknown]	0xffffffff844e8ff0
x86_pmu_extra_regs	0	0	0	0	0	0	0	0	0	0	0	0	0	0	0	0	0	0	70000105	0	0	0	0	0	0	0	0	0	0	vmlinux	x86_pmu_extra_regs	[Unknown]	0xffffffff84408830
x86_reserve_hardware	0	0	0	0	0	0	0	0	0	0	0	0	0	0	0	0	0	0	70000105	0	0	0	0	0	0	0	0	0	0	vmlinux	x86_reserve_hardware	[Unknown]	0xffffffff8440a2e0
